frame,time,px,py,pz,dx,dy,dz,fov
0,0.0,16.0,16.0,30.0,-0.467752,-0.109629,-0.877035,50.0
1,0.0208,15.9996,16.0,29.999349,-0.46775,-0.109632,-0.877035,50.0005
2,0.0417,15.998407,16.0,29.99741,-0.467746,-0.109639,-0.877036,50.002
3,0.0625,15.996434,16.0,29.994203,-0.46774,-0.109651,-0.877038,50.0045
4,0.0833,15.993693,16.0,29.989746,-0.467731,-0.109668,-0.877041,50.0079
5,0.1042,15.990197,16.0,29.984057,-0.467719,-0.109689,-0.877045,50.0123
6,0.125,15.985957,16.0,29.977154,-0.467705,-0.109715,-0.877049,50.0176
7,0.1458,15.980986,16.0,29.969053,-0.467689,-0.109745,-0.877054,50.0238
8,0.1667,15.975293,16.0,29.959769,-0.46767,-0.10978,-0.877059,50.031
9,0.1875,15.968892,16.0,29.949319,-0.467649,-0.109819,-0.877066,50.039
10,0.2083,15.961792,16.0,29.937716,-0.467626,-0.109862,-0.877073,50.0479
11,0.2292,15.954005,16.0,29.924975,-0.467601,-0.10991,-0.87708,50.0577
12,0.25,15.945542,16.0,29.911108,-0.467574,-0.109962,-0.877088,50.0684
13,0.2708,15.936413,16.0,29.896129,-0.467545,-0.110018,-0.877096,50.0799
14,0.2917,15.926629,16.0,29.880051,-0.467514,-0.110078,-0.877105,50.0923
15,0.3125,15.9162,16.0,29.862884,-0.467481,-0.110143,-0.877115,50.1055
16,0.3333,15.905136,16.0,29.844641,-0.467447,-0.110211,-0.877124,50.1196
17,0.3542,15.893446,16.0,29.825332,-0.467411,-0.110284,-0.877134,50.1345
18,0.375,15.881142,16.0,29.804968,-0.467374,-0.110361,-0.877144,50.1502
19,0.3958,15.868231,16.0,29.783559,-0.467335,-0.110441,-0.877155,50.1667
20,0.4167,15.854725,16.0,29.761115,-0.467295,-0.110526,-0.877166,50.184
21,0.4375,15.840632,16.0,29.737644,-0.467254,-0.110614,-0.877176,50.2021
22,0.4583,15.82596,16.0,29.713157,-0.467212,-0.110707,-0.877187,50.2209
23,0.4792,15.810721,16.0,29.687661,-0.467168,-0.110803,-0.877198,50.2406
24,0.5,15.794921,16.0,29.661166,-0.467124,-0.110904,-0.877209,50.2611
25,0.5208,15.77857,16.0,29.633679,-0.467079,-0.111008,-0.87722,50.2823
26,0.5417,15.761676,16.0,29.605208,-0.467033,-0.111116,-0.87723,50.3042
27,0.5625,15.744249,16.0,29.57576,-0.466987,-0.111228,-0.877241,50.327
28,0.5833,15.726295,16.0,29.545344,-0.46694,-0.111344,-0.877251,50.3505
29,0.6042,15.707824,16.0,29.513966,-0.466893,-0.111463,-0.877261,50.3747
30,0.625,15.688843,16.0,29.481633,-0.466845,-0.111587,-0.877271,50.3997
31,0.6458,15.66936,16.0,29.448352,-0.466797,-0.111714,-0.87728,50.4254
32,0.6667,15.649383,16.0,29.414129,-0.466749,-0.111845,-0.877289,50.4519
33,0.6875,15.628919,16.0,29.378971,-0.466701,-0.11198,-0.877297,50.479
34,0.7083,15.607977,16.0,29.342883,-0.466653,-0.112119,-0.877305,50.507
35,0.7292,15.586562,16.0,29.305873,-0.466605,-0.112261,-0.877312,50.5356
36,0.75,15.564684,16.0,29.267945,-0.466558,-0.112408,-0.877319,50.5649
37,0.7708,15.542347,16.0,29.229106,-0.466511,-0.112558,-0.877325,50.595
38,0.7917,15.519561,16.0,29.189361,-0.466464,-0.112712,-0.87733,50.6258
39,0.8125,15.49633,16.0,29.148716,-0.466417,-0.11287,-0.877334,50.6573
40,0.8333,15.472663,16.0,29.107177,-0.466371,-0.113031,-0.877338,50.6894
41,0.8542,15.448566,16.0,29.064748,-0.466326,-0.113196,-0.877341,50.7223
42,0.875,15.424044,16.0,29.021436,-0.466282,-0.113366,-0.877342,50.7559
43,0.8958,15.399105,16.0,28.977245,-0.466238,-0.113539,-0.877343,50.7902
44,0.9167,15.373755,16.0,28.932181,-0.466196,-0.113715,-0.877343,50.8251
45,0.9375,15.347999,16.0,28.886249,-0.466154,-0.113896,-0.877342,50.8607
46,0.9583,15.321844,16.0,28.839454,-0.466113,-0.114081,-0.877339,50.8971
47,0.9792,15.295296,16.0,28.791801,-0.466074,-0.114269,-0.877336,50.934
48,1.0,15.26836,16.0,28.743295,-0.466036,-0.114461,-0.877331,50.9717
49,1.0208,15.241041,16.0,28.693942,-0.465999,-0.114657,-0.877325,51.01
50,1.0417,15.213346,16.0,28.643747,-0.465963,-0.114857,-0.877318,51.049
51,1.0625,15.18528,16.0,28.592714,-0.465929,-0.115061,-0.877309,51.0887
52,1.0833,15.156847,16.0,28.540849,-0.465897,-0.115269,-0.877299,51.129
53,1.1042,15.128054,16.0,28.488158,-0.465866,-0.115481,-0.877288,51.17
54,1.125,15.098905,16.0,28.434644,-0.465836,-0.115696,-0.877275,51.2116
55,1.1458,15.069405,16.0,28.380314,-0.465809,-0.115916,-0.87726,51.2539
56,1.1667,15.039559,16.0,28.325172,-0.465783,-0.116139,-0.877245,51.2968
57,1.1875,15.009371,16.0,28.269224,-0.465758,-0.116367,-0.877227,51.3403
58,1.2083,14.978846,16.0,28.212475,-0.465736,-0.116598,-0.877208,51.3845
59,1.2292,14.947989,16.0,28.154931,-0.465716,-0.116834,-0.877188,51.4293
60,1.25,14.916804,16.0,28.096597,-0.465697,-0.117074,-0.877166,51.4747
61,1.2708,14.885295,16.0,28.037479,-0.465681,-0.117317,-0.877142,51.5208
62,1.2917,14.853467,16.0,27.977582,-0.465666,-0.117565,-0.877116,51.5675
63,1.3125,14.821323,16.0,27.916911,-0.465654,-0.117817,-0.877089,51.6148
64,1.3333,14.788867,16.0,27.855473,-0.465644,-0.118073,-0.87706,51.6627
65,1.3542,14.756103,16.0,27.793273,-0.465636,-0.118333,-0.87703,51.7112
66,1.375,14.723035,16.0,27.730318,-0.46563,-0.118597,-0.876997,51.7603
67,1.3958,14.689666,16.0,27.666612,-0.465626,-0.118866,-0.876963,51.81
68,1.4167,14.656,16.0,27.602163,-0.465624,-0.119138,-0.876927,51.8603
69,1.4375,14.622041,16.0,27.536977,-0.465625,-0.119415,-0.876889,51.9112
70,1.4583,14.587791,16.0,27.471059,-0.465628,-0.119696,-0.876849,51.9626
71,1.4792,14.553254,16.0,27.404416,-0.465633,-0.119982,-0.876807,52.0147
72,1.5,14.518432,16.0,27.337055,-0.46564,-0.120271,-0.876763,52.0673
73,1.5208,14.48333,16.0,27.268982,-0.46565,-0.120565,-0.876718,52.1205
74,1.5417,14.447949,16.0,27.200203,-0.465662,-0.120864,-0.876671,52.1742
75,1.5625,14.412292,16.0,27.130727,-0.465676,-0.121166,-0.876621,52.2285
76,1.5833,14.376363,16.0,27.060559,-0.465692,-0.121473,-0.87657,52.2834
77,1.6042,14.340164,16.0,26.989707,-0.465711,-0.121785,-0.876517,52.3388
78,1.625,14.303696,16.0,26.918178,-0.465732,-0.122101,-0.876462,52.3947
79,1.6458,14.266964,16.0,26.845979,-0.465755,-0.122421,-0.876405,52.4511
80,1.6667,14.229968,16.0,26.773119,-0.46578,-0.122746,-0.876346,52.5081
81,1.6875,14.192711,16.0,26.699603,-0.465807,-0.123076,-0.876285,52.5656
82,1.7083,14.155195,16.0,26.62544,-0.465837,-0.12341,-0.876223,52.6237
83,1.7292,14.117422,16.0,26.550639,-0.465868,-0.123748,-0.876158,52.6822
84,1.75,14.079395,16.0,26.475206,-0.465902,-0.124091,-0.876092,52.7412
85,1.7708,14.041114,16.0,26.399151,-0.465937,-0.124439,-0.876024,52.8008
86,1.7917,14.002582,16.0,26.322481,-0.465975,-0.124792,-0.875954,52.8608
87,1.8125,13.963799,16.0,26.245204,-0.466014,-0.125149,-0.875882,52.9213
88,1.8333,13.924769,16.0,26.16733,-0.466055,-0.125511,-0.875808,52.9822
89,1.8542,13.885491,16.0,26.088868,-0.466098,-0.125877,-0.875732,53.0437
90,1.875,13.845968,16.0,26.009825,-0.466143,-0.126249,-0.875655,53.1056
91,1.8958,13.806201,16.0,25.930211,-0.466189,-0.126625,-0.875576,53.1679
92,1.9167,13.76619,16.0,25.850036,-0.466237,-0.127006,-0.875496,53.2307
93,1.9375,13.725937,16.0,25.769308,-0.466286,-0.127392,-0.875413,53.294
94,1.9583,13.685443,16.0,25.688037,-0.466337,-0.127783,-0.87533,53.3576
95,1.9792,13.644708,16.0,25.606233,-0.466388,-0.128178,-0.875244,53.4217
96,2.0,13.603734,16.0,25.523906,-0.466441,-0.128579,-0.875157,53.4862
97,2.0208,13.562521,16.0,25.441065,-0.466495,-0.128985,-0.875069,53.5511
98,2.0417,13.52107,16.0,25.35772,-0.46655,-0.129395,-0.874979,53.6164
99,2.0625,13.479381,16.0,25.273882,-0.466606,-0.129811,-0.874887,53.6821
100,2.0833,13.437454,16.0,25.189562,-0.466662,-0.130232,-0.874795,53.7481
101,2.1042,13.395291,16.0,25.10477,-0.466719,-0.130658,-0.874701,53.8145
102,2.125,13.352891,16.0,25.019516,-0.466776,-0.131089,-0.874606,53.8813
103,2.1458,13.310254,16.0,24.933812,-0.466834,-0.131525,-0.87451,53.9485
104,2.1667,13.267381,16.0,24.847669,-0.466891,-0.131966,-0.874413,54.016
105,2.1875,13.224272,16.0,24.761098,-0.466949,-0.132412,-0.874314,54.0838
106,2.2083,13.180925,16.0,24.67411,-0.467006,-0.132864,-0.874215,54.1519
107,2.2292,13.137342,16.0,24.586717,-0.467063,-0.133321,-0.874115,54.2204
108,2.25,13.093523,16.0,24.498931,-0.467119,-0.133784,-0.874014,54.2891
109,2.2708,13.049465,16.0,24.410764,-0.467175,-0.134251,-0.873913,54.3582
110,2.2917,13.00517,16.0,24.322228,-0.46723,-0.134724,-0.873811,54.4275
111,2.3125,12.960637,16.0,24.233334,-0.467283,-0.135203,-0.873709,54.4971
112,2.3333,12.915865,16.0,24.144096,-0.467335,-0.135686,-0.873606,54.5669
113,2.3542,12.870854,16.0,24.054527,-0.467385,-0.136175,-0.873503,54.6371
114,2.375,12.825602,16.0,23.964638,-0.467434,-0.13667,-0.8734,54.7074
115,2.3958,12.780109,16.0,23.874443,-0.46748,-0.13717,-0.873297,54.778
116,2.4167,12.734374,16.0,23.783955,-0.467524,-0.137676,-0.873193,54.8488
117,2.4375,12.688396,16.0,23.693187,-0.467566,-0.138187,-0.87309,54.9198
118,2.4583,12.642175,16.0,23.602152,-0.467604,-0.138704,-0.872988,54.991
119,2.4792,12.595708,16.0,23.510865,-0.46764,-0.139226,-0.872886,55.0624
120,2.5,12.548994,16.0,23.419339,-0.467672,-0.139754,-0.872784,55.134
121,2.5208,12.502034,16.0,23.327588,-0.4677,-0.140287,-0.872683,55.2057
122,2.5417,12.454824,16.0,23.235626,-0.467725,-0.140826,-0.872583,55.2775
123,2.5625,12.407363,16.0,23.143468,-0.467745,-0.141371,-0.872485,55.3495
124,2.5833,12.359651,16.0,23.051127,-0.46776,-0.141922,-0.872387,55.4217
125,2.6042,12.311685,16.0,22.958619,-0.467771,-0.142478,-0.872291,55.4939
126,2.625,12.263464,16.0,22.865958,-0.467776,-0.143039,-0.872196,55.5662
127,2.6458,12.214985,16.0,22.773159,-0.467775,-0.143607,-0.872103,55.6387
128,2.6667,12.166248,16.0,22.680238,-0.467769,-0.14418,-0.872012,55.7112
129,2.6875,12.117251,16.0,22.587209,-0.467756,-0.144759,-0.871923,55.7837
130,2.7083,12.06799,16.0,22.494089,-0.467736,-0.145344,-0.871836,55.8563
131,2.7292,12.018465,16.0,22.400892,-0.46771,-0.145935,-0.871751,55.9289
132,2.75,11.968673,16.0,22.307635,-0.467675,-0.146531,-0.87167,56.0016
133,2.7708,11.918612,16.0,22.214333,-0.467633,-0.147133,-0.871591,56.0742
134,2.7917,11.86828,16.0,22.121003,-0.467582,-0.147741,-0.871516,56.1469
135,2.8125,11.817674,16.0,22.027661,-0.467523,-0.148355,-0.871443,56.2195
136,2.8333,11.766792,16.0,21.934324,-0.467454,-0.148974,-0.871375,56.2921
137,2.8542,11.715631,16.0,21.841007,-0.467375,-0.1496,-0.87131,56.3646
138,2.875,11.66419,16.0,21.747729,-0.467286,-0.150231,-0.871249,56.4371
139,2.8958,11.612465,16.0,21.654505,-0.467186,-0.150868,-0.871192,56.5095
140,2.9167,11.560454,16.0,21.561353,-0.467075,-0.151511,-0.87114,56.5818
141,2.9375,11.508154,16.0,21.468291,-0.466952,-0.152159,-0.871093,56.654
142,2.9583,11.455562,16.0,21.375335,-0.466817,-0.152814,-0.871051,56.726
143,2.9792,11.402676,16.0,21.282504,-0.466669,-0.153474,-0.871014,56.7979
144,3.0,11.349492,16.0,21.189814,-0.466508,-0.154139,-0.870983,56.8697
145,3.0208,11.296007,16.0,21.097285,-0.466332,-0.154811,-0.870958,56.9413
146,3.0417,11.242219,16.0,21.004934,-0.466142,-0.155488,-0.870939,57.0127
147,3.0625,11.188124,16.0,20.91278,-0.465937,-0.156171,-0.870927,57.0839
148,3.0833,11.133719,16.0,20.82084,-0.465716,-0.15686,-0.870921,57.1549
149,3.1042,11.079,16.0,20.729134,-0.465478,-0.157554,-0.870923,57.2256
150,3.125,11.023966,16.0,20.63768,-0.465223,-0.158254,-0.870932,57.2961
151,3.1458,10.968611,16.0,20.546497,-0.464951,-0.158959,-0.870949,57.3664
152,3.1667,10.912933,16.0,20.455604,-0.464659,-0.15967,-0.870975,57.4363
153,3.1875,10.856927,16.0,20.36502,-0.464349,-0.160387,-0.871009,57.506
154,3.2083,10.800592,16.0,20.274765,-0.464019,-0.161109,-0.871051,57.5753
155,3.2292,10.743922,16.0,20.184859,-0.463668,-0.161836,-0.871103,57.6443
156,3.25,10.686915,16.0,20.09532,-0.463295,-0.162569,-0.871165,57.7129
157,3.2708,10.629565,16.0,20.006169,-0.462901,-0.163307,-0.871237,57.7812
158,3.2917,10.571871,16.0,19.917426,-0.462483,-0.16405,-0.871319,57.8491
159,3.3125,10.513827,16.0,19.829111,-0.462042,-0.164798,-0.871412,57.9166
160,3.3333,10.45543,16.0,19.741244,-0.461576,-0.165551,-0.871516,57.9837
161,3.3542,10.396676,16.0,19.653845,-0.461084,-0.166309,-0.871632,58.0503
162,3.375,10.337561,16.0,19.566936,-0.460566,-0.167073,-0.87176,58.1165
163,3.3958,10.27808,16.0,19.480536,-0.460021,-0.167841,-0.8719,58.1822
164,3.4167,10.218229,16.0,19.394668,-0.459448,-0.168613,-0.872053,58.2474
165,3.4375,10.158005,16.0,19.309351,-0.458846,-0.169391,-0.87222,58.3121
166,3.4583,10.097403,16.0,19.224607,-0.458213,-0.170173,-0.8724,58.3763
167,3.4792,10.036419,16.0,19.140458,-0.45755,-0.170959,-0.872594,58.4399
168,3.5,9.975048,16.0,19.056925,-0.456855,-0.171749,-0.872803,58.503
169,3.5208,9.913285,16.0,18.974029,-0.456127,-0.172544,-0.873027,58.5654
170,3.5417,9.851127,16.0,18.891792,-0.455365,-0.173343,-0.873267,58.6273
171,3.5625,9.788569,16.0,18.810237,-0.454568,-0.174145,-0.873522,58.6885
172,3.5833,9.725605,16.0,18.729384,-0.453735,-0.174951,-0.873794,58.7492
173,3.6042,9.662233,16.0,18.649258,-0.452865,-0.175761,-0.874083,58.8091
174,3.625,9.598445,16.0,18.569879,-0.451957,-0.176574,-0.874389,58.8684
175,3.6458,9.534239,16.0,18.49127,-0.451009,-0.17739,-0.874713,58.9269
176,3.6667,9.469609,16.0,18.413454,-0.450021,-0.17821,-0.875056,58.9848
177,3.6875,9.404551,16.0,18.336453,-0.448991,-0.179032,-0.875417,59.0419
178,3.7083,9.339058,16.0,18.260292,-0.447918,-0.179857,-0.875797,59.0982
179,3.7292,9.273127,16.0,18.184991,-0.446802,-0.180684,-0.876197,59.1538
180,3.75,9.206752,16.0,18.110575,-0.44564,-0.181514,-0.876617,59.2086
181,3.7708,9.139929,16.0,18.037068,-0.444432,-0.182345,-0.877058,59.2625
182,3.7917,9.072651,16.0,17.964491,-0.443176,-0.183178,-0.87752,59.3156
183,3.8125,9.004915,16.0,17.89287,-0.441871,-0.184012,-0.878003,59.3679
184,3.8333,8.936714,16.0,17.822227,-0.440516,-0.184848,-0.878508,59.4193
185,3.8542,8.868044,16.0,17.752587,-0.439109,-0.185685,-0.879036,59.4697
186,3.875,8.798898,16.0,17.683974,-0.43765,-0.186522,-0.879586,59.5193
187,3.8958,8.729273,16.0,17.61641,-0.436136,-0.187359,-0.88016,59.5679
188,3.9167,8.659162,16.0,17.549922,-0.434567,-0.188197,-0.880757,59.6155
189,3.9375,8.588559,16.0,17.484533,-0.432941,-0.189034,-0.881379,59.6622
190,3.9583,8.51746,16.0,17.420267,-0.431257,-0.18987,-0.882024,59.7078
191,3.9792,8.445859,16.0,17.357149,-0.429513,-0.190706,-0.882695,59.7524
192,4.0,8.37375,16.0,17.295205,-0.427708,-0.191539,-0.883391,59.796
193,4.0208,8.301127,16.0,17.234458,-0.42584,-0.192372,-0.884112,59.8385
194,4.0417,8.227985,16.0,17.174934,-0.423909,-0.193201,-0.884859,59.8799
195,4.0625,8.154318,16.0,17.116657,-0.421912,-0.194028,-0.885632,59.9202
196,4.0833,8.080121,16.0,17.059654,-0.419848,-0.194852,-0.886431,59.9593
197,4.1042,8.005386,16.0,17.003949,-0.417717,-0.195673,-0.887257,59.9973
198,4.125,7.948651,16.0,16.962813,-0.416062,-0.196289,-0.887898,60.0109
199,4.1458,7.892989,16.0,16.923423,-0.414409,-0.196888,-0.888538,60.0226
200,4.1667,7.836978,16.0,16.88473,-0.412716,-0.197485,-0.889194,60.0341
201,4.1875,7.78062,16.0,16.846727,-0.410982,-0.19808,-0.889864,60.0456
202,4.2083,7.723918,16.0,16.80941,-0.409207,-0.198672,-0.89055,60.0569
203,4.2292,7.666874,16.0,16.772776,-0.407392,-0.199263,-0.89125,60.0682
204,4.25,7.609491,16.0,16.736817,-0.405537,-0.199851,-0.891964,60.0793
205,4.2708,7.551773,16.0,16.70153,-0.40364,-0.200437,-0.892692,60.0904
206,4.2917,7.493723,16.0,16.666909,-0.401703,-0.20102,-0.893435,60.1013
207,4.3125,7.435343,16.0,16.632949,-0.399725,-0.201601,-0.894191,60.1122
208,4.3333,7.376636,16.0,16.599645,-0.397707,-0.202179,-0.89496,60.123
209,4.3542,7.317606,16.0,16.56699,-0.395647,-0.202755,-0.895742,60.1336
210,4.375,7.258255,16.0,16.534979,-0.393547,-0.203327,-0.896537,60.1442
211,4.3958,7.198588,16.0,16.503606,-0.391406,-0.203897,-0.897344,60.1547
212,4.4167,7.138607,16.0,16.472864,-0.389224,-0.204464,-0.898164,60.1651
213,4.4375,7.078315,16.0,16.442749,-0.387002,-0.205029,-0.898996,60.1754
214,4.4583,7.017715,16.0,16.413253,-0.384738,-0.20559,-0.899838,60.1856
215,4.4792,6.956812,16.0,16.384371,-0.382434,-0.206148,-0.900693,60.1957
216,4.5,6.895608,16.0,16.356094,-0.38009,-0.206702,-0.901557,60.2057
217,4.5208,6.834107,16.0,16.328418,-0.377705,-0.207254,-0.902433,60.2156
218,4.5417,6.772312,16.0,16.301335,-0.375279,-0.207802,-0.903318,60.2255
219,4.5625,6.710226,16.0,16.274838,-0.372813,-0.208346,-0.904213,60.2353
220,4.5833,6.647854,16.0,16.24892,-0.370307,-0.208887,-0.905118,60.2449
221,4.6042,6.585199,16.0,16.223574,-0.367761,-0.209425,-0.906032,60.2545
222,4.625,6.522264,16.0,16.198793,-0.365175,-0.209959,-0.906954,60.264
223,4.6458,6.459053,16.0,16.174569,-0.362549,-0.210489,-0.907884,60.2735
224,4.6667,6.39557,16.0,16.150895,-0.359883,-0.211015,-0.908822,60.2828
225,4.6875,6.331818,16.0,16.127763,-0.357178,-0.211537,-0.909767,60.2921
226,4.7083,6.267802,16.0,16.105165,-0.354433,-0.212056,-0.910719,60.3013
227,4.7292,6.203524,16.0,16.083094,-0.35165,-0.212571,-0.911678,60.3104
228,4.75,6.138989,16.0,16.061541,-0.348827,-0.213081,-0.912642,60.3194
229,4.7708,6.0742,16.0,16.040499,-0.345966,-0.213587,-0.913613,60.3284
230,4.7917,6.009162,16.0,16.019959,-0.343066,-0.21409,-0.914588,60.3373
231,4.8125,5.943878,16.0,15.999913,-0.340128,-0.214587,-0.915568,60.3461
232,4.8333,5.878353,16.0,15.980352,-0.337153,-0.215081,-0.916552,60.3549
233,4.8542,5.81259,16.0,15.961269,-0.334139,-0.21557,-0.91754,60.3636
234,4.875,5.746593,16.0,15.942653,-0.331088,-0.216055,-0.918532,60.3722
235,4.8958,5.680366,16.0,15.924497,-0.328001,-0.216536,-0.919526,60.3807
236,4.9167,5.613914,16.0,15.906792,-0.324876,-0.217012,-0.920522,60.3892
237,4.9375,5.54724,16.0,15.889529,-0.321715,-0.217483,-0.921521,60.3976
238,4.9583,5.480349,16.0,15.872698,-0.318518,-0.21795,-0.922521,60.406
239,4.9792,5.413244,16.0,15.85629,-0.315285,-0.218412,-0.923521,60.4143
240,5.0,5.345931,16.0,15.840297,-0.312016,-0.21887,-0.924522,60.4225
241,5.0208,5.278413,16.0,15.824708,-0.308713,-0.219322,-0.925524,60.4307
242,5.0417,5.210694,16.0,15.809514,-0.305375,-0.219771,-0.926524,60.4388
243,5.0625,5.142779,16.0,15.794707,-0.302003,-0.220214,-0.927524,60.4468
244,5.0833,5.074673,16.0,15.780275,-0.298597,-0.220652,-0.928522,60.4548
245,5.1042,5.006378,16.0,15.766209,-0.295158,-0.221086,-0.929518,60.4628
246,5.125,4.937901,16.0,15.7525,-0.291685,-0.221515,-0.930511,60.4707
247,5.1458,4.869245,16.0,15.739136,-0.28818,-0.221939,-0.931502,60.4786
248,5.1667,4.800415,16.0,15.726109,-0.284643,-0.222358,-0.932489,60.4864
249,5.1875,4.731415,16.0,15.713409,-0.281075,-0.222773,-0.933472,60.4941
250,5.2083,4.662249,16.0,15.701023,-0.277475,-0.223182,-0.93445,60.5018
251,5.2292,4.592923,16.0,15.688943,-0.273844,-0.223587,-0.935424,60.5095
252,5.25,4.523441,16.0,15.677159,-0.270184,-0.223986,-0.936392,60.5171
253,5.2708,4.453807,16.0,15.665658,-0.266494,-0.224381,-0.937355,60.5247
254,5.2917,4.384026,16.0,15.654431,-0.262774,-0.224771,-0.938311,60.5323
255,5.3125,4.314103,16.0,15.643467,-0.259026,-0.225156,-0.93926,60.5398
256,5.3333,4.244042,16.0,15.632755,-0.25525,-0.225537,-0.940202,60.5473
257,5.3542,4.173848,16.0,15.622285,-0.251446,-0.225912,-0.941137,60.5547
258,5.375,4.103526,16.0,15.612045,-0.247615,-0.226283,-0.942063,60.5621
259,5.3958,4.033081,16.0,15.602023,-0.243758,-0.226649,-0.942981,60.5695
260,5.4167,3.962516,16.0,15.59221,-0.239875,-0.22701,-0.943889,60.5769
261,5.4375,3.891838,16.0,15.582594,-0.235966,-0.227366,-0.944788,60.5842
262,5.4583,3.821051,16.0,15.573162,-0.232033,-0.227718,-0.945677,60.5915
263,5.4792,3.75016,16.0,15.563905,-0.228075,-0.228065,-0.946556,60.5988
264,5.5,3.679169,16.0,15.55481,-0.224094,-0.228408,-0.947424,60.606
265,5.5208,3.608084,16.0,15.545866,-0.220089,-0.228746,-0.948281,60.6133
266,5.5417,3.536909,16.0,15.537061,-0.216062,-0.229079,-0.949126,60.6205
267,5.5625,3.46565,16.0,15.528383,-0.212013,-0.229409,-0.949959,60.6277
268,5.5833,3.394312,16.0,15.519821,-0.207943,-0.229734,-0.95078,60.6349
269,5.6042,3.322899,16.0,15.511362,-0.203852,-0.230054,-0.951588,60.6421
270,5.625,3.251416,16.0,15.502995,-0.199742,-0.230371,-0.952383,60.6493
271,5.6458,3.179869,16.0,15.494707,-0.195611,-0.230683,-0.953164,60.6564
272,5.6667,3.108262,16.0,15.486487,-0.191462,-0.230991,-0.953932,60.6636
273,5.6875,3.036602,16.0,15.478322,-0.187294,-0.231296,-0.954685,60.6707
274,5.7083,2.964892,16.0,15.4702,-0.183109,-0.231596,-0.955424,60.6779
275,5.7292,2.893138,16.0,15.462108,-0.178906,-0.231893,-0.956148,60.685
276,5.75,2.821345,16.0,15.454034,-0.174687,-0.232186,-0.956856,60.6922
277,5.7708,2.749519,16.0,15.445965,-0.170452,-0.232476,-0.95755,60.6993
278,5.7917,2.677664,16.0,15.437889,-0.166202,-0.232762,-0.958227,60.7065
279,5.8125,2.605786,16.0,15.429794,-0.161937,-0.233045,-0.958888,60.7137
280,5.8333,2.53389,16.0,15.421666,-0.157658,-0.233324,-0.959533,60.7208
281,5.8542,2.461981,16.0,15.413492,-0.153366,-0.233601,-0.960161,60.728
282,5.875,2.390066,16.0,15.40526,-0.14906,-0.233874,-0.960773,60.7352
283,5.8958,2.318148,16.0,15.396957,-0.144742,-0.234145,-0.961367,60.7424
284,5.9167,2.246233,16.0,15.38857,-0.140413,-0.234413,-0.961943,60.7497
285,5.9375,2.174327,16.0,15.380086,-0.136072,-0.234679,-0.962502,60.7569
286,5.9583,2.102435,16.0,15.371491,-0.13172,-0.234942,-0.963043,60.7642
287,5.9792,2.030563,16.0,15.362772,-0.127359,-0.235203,-0.963566,60.7715
288,6.0,1.958715,16.0,15.353916,-0.122987,-0.235462,-0.96407,60.7788
289,6.0208,1.886898,16.0,15.34491,-0.118607,-0.235719,-0.964556,60.7861
290,6.0417,1.815116,16.0,15.33574,-0.114219,-0.235974,-0.965023,60.7935
291,6.0625,1.743376,16.0,15.326393,-0.109822,-0.236228,-0.965472,60.8009
292,6.0833,1.671682,16.0,15.316856,-0.105418,-0.23648,-0.965901,60.8084
293,6.1042,1.600041,16.0,15.307114,-0.101008,-0.236731,-0.966311,60.8158
294,6.125,1.528457,16.0,15.297154,-0.096591,-0.236981,-0.966701,60.8233
295,6.1458,1.456937,16.0,15.286962,-0.092168,-0.237229,-0.967072,60.8309
296,6.1667,1.385485,16.0,15.276525,-0.087739,-0.237478,-0.967422,60.8385
297,6.1875,1.314108,16.0,15.265828,-0.083306,-0.237725,-0.967753,60.8461
298,6.2083,1.242812,16.0,15.254858,-0.078868,-0.237973,-0.968064,60.8538
299,6.2292,1.1716,16.0,15.243601,-0.074426,-0.23822,-0.968355,60.8616
300,6.25,1.100481,16.0,15.232043,-0.069981,-0.238467,-0.968626,60.8693
301,6.2708,1.029458,16.0,15.22017,-0.065533,-0.238715,-0.968876,60.8772
302,6.2917,0.958538,16.0,15.207968,-0.061081,-0.238963,-0.969106,60.8851
303,6.3125,0.887726,16.0,15.195421,-0.056628,-0.239212,-0.969315,60.893
304,6.3333,0.817028,16.0,15.182518,-0.052173,-0.239462,-0.969503,60.901
305,6.3542,0.74645,16.0,15.169242,-0.047716,-0.239713,-0.969671,60.9091
306,6.375,0.675998,16.0,15.15558,-0.043258,-0.239965,-0.969817,60.9172
307,6.3958,0.605677,16.0,15.141517,-0.038799,-0.240219,-0.969943,60.9254
308,6.4167,0.535493,16.0,15.127039,-0.034339,-0.240475,-0.970048,60.9337
309,6.4375,0.465451,16.0,15.112132,-0.02988,-0.240733,-0.970131,60.9421
310,6.4583,0.395558,16.0,15.09678,-0.025421,-0.240994,-0.970194,60.9505
311,6.4792,0.32582,16.0,15.08097,-0.020962,-0.241256,-0.970235,60.959
312,6.5,0.256242,16.0,15.064686,-0.016503,-0.241522,-0.970255,60.9675
313,6.5208,0.18683,16.0,15.047915,-0.012046,-0.241791,-0.970254,60.9762
314,6.5417,0.117589,16.0,15.03064,-0.00759,-0.242063,-0.970231,60.9849
315,6.5625,0.048527,16.0,15.012848,-0.003136,-0.242339,-0.970187,60.9937
316,6.5833,-0.019126,16.0,14.994886,0.001237,-0.242613,-0.970122,61.0026
317,6.6042,-0.08374,16.0,14.977728,0.005424,-0.242871,-0.970043,61.0117
318,6.625,-0.14827,16.0,14.960768,0.009613,-0.243123,-0.969948,61.0209
319,6.6458,-0.212716,16.0,14.944002,0.013805,-0.243368,-0.969836,61.0303
320,6.6667,-0.277081,16.0,14.927424,0.018,-0.243606,-0.969707,61.0398
321,6.6875,-0.341366,16.0,14.911028,0.022197,-0.243837,-0.969562,61.0495
322,6.7083,-0.405574,16.0,14.894808,0.026396,-0.244062,-0.9694,61.0593
323,6.7292,-0.469707,16.0,14.878759,0.030597,-0.24428,-0.969222,61.0692
324,6.75,-0.533765,16.0,14.862874,0.0348,-0.244492,-0.969027,61.0793
325,6.7708,-0.597752,16.0,14.84715,0.039005,-0.244697,-0.968815,61.0895
326,6.7917,-0.661669,16.0,14.831578,0.043211,-0.244896,-0.968586,61.0999
327,6.8125,-0.725517,16.0,14.816154,0.047418,-0.245089,-0.96834,61.1103
328,6.8333,-0.7893,16.0,14.800872,0.051626,-0.245276,-0.968078,61.1209
329,6.8542,-0.853018,16.0,14.785726,0.055834,-0.245456,-0.967798,61.1316
330,6.875,-0.916674,16.0,14.77071,0.060043,-0.24563,-0.967502,61.1424
331,6.8958,-0.98027,16.0,14.755818,0.064253,-0.245799,-0.967189,61.1533
332,6.9167,-1.043807,16.0,14.741044,0.068463,-0.245961,-0.966859,61.1644
333,6.9375,-1.107288,16.0,14.726382,0.072673,-0.246117,-0.966512,61.1755
334,6.9583,-1.170715,16.0,14.711827,0.076883,-0.246268,-0.966148,61.1867
335,6.9792,-1.234089,16.0,14.697371,0.081092,-0.246413,-0.965766,61.198
336,7.0,-1.297413,16.0,14.68301,0.085301,-0.246552,-0.965368,61.2094
337,7.0208,-1.360688,16.0,14.668737,0.08951,-0.246686,-0.964953,61.2208
338,7.0417,-1.423917,16.0,14.654546,0.093718,-0.246814,-0.96452,61.2324
339,7.0625,-1.487102,16.0,14.640431,0.097926,-0.246937,-0.964071,61.244
340,7.0833,-1.550245,16.0,14.626386,0.102132,-0.247055,-0.963604,61.2556
341,7.1042,-1.613348,16.0,14.612405,0.106338,-0.247167,-0.96312,61.2674
342,7.125,-1.676413,16.0,14.598481,0.110542,-0.247274,-0.962619,61.2792
343,7.1458,-1.739442,16.0,14.584608,0.114746,-0.247376,-0.962101,61.291
344,7.1667,-1.802437,16.0,14.57078,0.118948,-0.247473,-0.961566,61.3029
345,7.1875,-1.865401,16.0,14.556991,0.123149,-0.247565,-0.961013,61.3149
346,7.2083,-1.928334,16.0,14.543235,0.127348,-0.247652,-0.960443,61.3269
347,7.2292,-1.991241,16.0,14.529505,0.131546,-0.247734,-0.959856,61.3389
348,7.25,-2.054122,16.0,14.515795,0.135743,-0.247812,-0.959251,61.3509
349,7.2708,-2.11698,16.0,14.502099,0.139938,-0.247885,-0.958629,61.363
350,7.2917,-2.179817,16.0,14.488411,0.144132,-0.247954,-0.95799,61.3751
351,7.3125,-2.242636,16.0,14.474723,0.148324,-0.248019,-0.957333,61.3872
352,7.3333,-2.305438,16.0,14.46103,0.152515,-0.248079,-0.956659,61.3994
353,7.3542,-2.368225,16.0,14.447325,0.156703,-0.248134,-0.955967,61.4115
354,7.375,-2.431,16.0,14.433602,0.160891,-0.248186,-0.955258,61.4236
355,7.3958,-2.493765,16.0,14.419855,0.165076,-0.248234,-0.954531,61.4358
356,7.4167,-2.556523,16.0,14.406077,0.16926,-0.248277,-0.953787,61.4479
357,7.4375,-2.619275,16.0,14.392261,0.173443,-0.248317,-0.953025,61.46
358,7.4583,-2.682023,16.0,14.378402,0.177624,-0.248353,-0.952245,61.4722
359,7.4792,-2.744771,16.0,14.364492,0.181803,-0.248385,-0.951448,61.4843
360,7.5,-2.80752,16.0,14.350525,0.185981,-0.248414,-0.950632,61.4963
361,7.5208,-2.870272,16.0,14.336495,0.190157,-0.248439,-0.949799,61.5084
362,7.5417,-2.93303,16.0,14.322394,0.194332,-0.248461,-0.948948,61.5204
363,7.5625,-2.995796,16.0,14.308218,0.198505,-0.248479,-0.948079,61.5324
364,7.5833,-3.058572,16.0,14.293958,0.202677,-0.248494,-0.947192,61.5443
365,7.6042,-3.121361,16.0,14.279609,0.206848,-0.248506,-0.946287,61.5562
366,7.625,-3.184165,16.0,14.265163,0.211017,-0.248515,-0.945363,61.568
367,7.6458,-3.246986,16.0,14.250615,0.215185,-0.248521,-0.944422,61.5798
368,7.6667,-3.309827,16.0,14.235957,0.219353,-0.248524,-0.943462,61.5915
369,7.6875,-3.372689,16.0,14.221183,0.223519,-0.248525,-0.942483,61.6031
370,7.7083,-3.435576,16.0,14.206286,0.227684,-0.248522,-0.941486,61.6147
371,7.7292,-3.498489,16.0,14.19126,0.231849,-0.248517,-0.940471,61.6262
372,7.75,-3.561431,16.0,14.176098,0.236013,-0.248509,-0.939437,61.6376
373,7.7708,-3.624404,16.0,14.160793,0.240176,-0.248499,-0.938384,61.6489
374,7.7917,-3.687411,16.0,14.145338,0.244339,-0.248486,-0.937312,61.6602
375,7.8125,-3.750453,16.0,14.129727,0.248501,-0.248471,-0.936221,61.6713
376,7.8333,-3.813534,16.0,14.113954,0.252663,-0.248454,-0.935111,61.6824
377,7.8542,-3.876656,16.0,14.09801,0.256825,-0.248434,-0.933981,61.6933
378,7.875,-3.939821,16.0,14.08189,0.260987,-0.248413,-0.932833,61.7042
379,7.8958,-4.003031,16.0,14.065587,0.265149,-0.248389,-0.931664,61.7149
380,7.9167,-4.066289,16.0,14.049095,0.269312,-0.248364,-0.930477,61.7255
381,7.9375,-4.129597,16.0,14.032405,0.273475,-0.248336,-0.929269,61.736
382,7.9583,-4.192958,16.0,14.015512,0.277638,-0.248307,-0.928041,61.7463
383,7.9792,-4.256374,16.0,13.998408,0.281802,-0.248277,-0.926794,61.7565
384,8.0,-4.319848,16.0,13.981088,0.285967,-0.248244,-0.925526,61.7666
385,8.0208,-4.383381,16.0,13.963543,0.290133,-0.24821,-0.924237,61.7765
386,8.0417,-4.446977,16.0,13.945768,0.2943,-0.248174,-0.922928,61.7863
387,8.0625,-4.510637,16.0,13.927755,0.298469,-0.248137,-0.921599,61.796
388,8.0833,-4.574365,16.0,13.909498,0.302639,-0.248099,-0.920248,61.8054
389,8.1042,-4.638162,16.0,13.890989,0.30681,-0.248059,-0.918877,61.8148
390,8.125,-4.702032,16.0,13.872222,0.310984,-0.248018,-0.917484,61.8239
391,8.1458,-4.765976,16.0,13.85319,0.315159,-0.247976,-0.916069,61.8329
392,8.1667,-4.829997,16.0,13.833886,0.319337,-0.247933,-0.914633,61.8417
393,8.1875,-4.894097,16.0,13.814304,0.323517,-0.247888,-0.913175,61.8503
394,8.2083,-4.95828,16.0,13.794435,0.3277,-0.247843,-0.911694,61.8587
395,8.2292,-5.022546,16.0,13.774275,0.331885,-0.247797,-0.910192,61.8669
396,8.25,-5.0869,16.0,13.753814,0.336074,-0.247749,-0.908666,61.875
397,8.2708,-5.151343,16.0,13.733047,0.340265,-0.247701,-0.907118,61.8828
398,8.2917,-5.215878,16.0,13.711967,0.34446,-0.247652,-0.905547,61.8904
399,8.3125,-5.280507,16.0,13.690567,0.348658,-0.247603,-0.903953,61.8979
400,8.3333,-5.345233,16.0,13.668839,0.35286,-0.247552,-0.902334,61.9051
401,8.3542,-5.410058,16.0,13.646777,0.357066,-0.247501,-0.900692,61.912
402,8.375,-5.474986,16.0,13.624374,0.361276,-0.24745,-0.899026,61.9188
403,8.3958,-5.540017,16.0,13.601623,0.36549,-0.247398,-0.897336,61.9253
404,8.4167,-5.605155,16.0,13.578518,0.369708,-0.247345,-0.895621,61.9316
405,8.4375,-5.670403,16.0,13.55505,0.373932,-0.247292,-0.89388,61.9376
406,8.4583,-5.735762,16.0,13.531213,0.37816,-0.247238,-0.892115,61.9434
407,8.4792,-5.801235,16.0,13.507001,0.382393,-0.247184,-0.890324,61.949
408,8.5,-5.866826,16.0,13.482406,0.386631,-0.247129,-0.888506,61.9542
409,8.5208,-5.932536,16.0,13.457421,0.390874,-0.247075,-0.886663,61.9593
410,8.5417,-5.998367,16.0,13.432039,0.395123,-0.247019,-0.884793,61.964
411,8.5625,-6.064323,16.0,13.406254,0.399378,-0.246964,-0.882896,61.9685
412,8.5833,-6.130406,16.0,13.380057,0.403639,-0.246908,-0.880972,61.9727
413,8.6042,-6.196619,16.0,13.353444,0.407906,-0.246852,-0.87902,61.9766
414,8.625,-6.262963,16.0,13.326405,0.41218,-0.246796,-0.87704,61.9803
415,8.6458,-6.329442,16.0,13.298935,0.416459,-0.246739,-0.875032,61.9836
416,8.6667,-6.396058,16.0,13.271027,0.420746,-0.246683,-0.872995,61.9867
417,8.6875,-6.462814,16.0,13.242672,0.425039,-0.246626,-0.870929,61.9894
418,8.7083,-6.529711,16.0,13.213865,0.429339,-0.246569,-0.868833,61.9919
419,8.7292,-6.596754,16.0,13.184599,0.433647,-0.246511,-0.866708,61.994
420,8.75,-6.663943,16.0,13.154866,0.437962,-0.246454,-0.864552,61.9958
421,8.7708,-6.731282,16.0,13.12466,0.442284,-0.246396,-0.862365,61.9973
422,8.7917,-6.798774,16.0,13.093972,0.446614,-0.246339,-0.860147,61.9985
423,8.8125,-6.86642,16.0,13.062798,0.450951,-0.246281,-0.857898,61.9993
424,8.8333,-6.934224,16.0,13.031129,0.455297,-0.246223,-0.855616,61.9998
425,8.8542,-7.002833,16.0,12.998651,0.459692,-0.246164,-0.85328,62.0
426,8.875,-7.091496,16.0,12.956462,0.465357,-0.246082,-0.850227,61.9999
427,8.8958,-7.181197,16.0,12.913848,0.471063,-0.245988,-0.847107,61.9994
428,8.9167,-7.271909,16.0,12.87081,0.476807,-0.245881,-0.843918,61.9988
429,8.9375,-7.363604,16.0,12.827346,0.482586,-0.245762,-0.840661,61.9978
430,8.9583,-7.456255,16.0,12.783457,0.488397,-0.245631,-0.837337,61.9966
431,8.9792,-7.549837,16.0,12.739142,0.494237,-0.245487,-0.833946,61.9951
432,9.0,-7.644322,16.0,12.6944,0.500103,-0.245331,-0.830487,61.9934
433,9.0208,-7.739684,16.0,12.649233,0.505993,-0.245162,-0.826962,61.9914
434,9.0417,-7.835894,16.0,12.603638,0.511904,-0.24498,-0.823371,61.9892
435,9.0625,-7.932928,16.0,12.557616,0.517832,-0.244786,-0.819714,61.9867
436,9.0833,-8.030756,16.0,12.511166,0.523774,-0.244579,-0.815991,61.984
437,9.1042,-8.129354,16.0,12.464288,0.529729,-0.244359,-0.812204,61.981
438,9.125,-8.228693,16.0,12.416982,0.535693,-0.244127,-0.808353,61.9778
439,9.1458,-8.328746,16.0,12.369247,0.541663,-0.243883,-0.804439,61.9743
440,9.1667,-8.429486,16.0,12.321084,0.547637,-0.243626,-0.800462,61.9706
441,9.1875,-8.530887,16.0,12.272491,0.553612,-0.243356,-0.796424,61.9667
442,9.2083,-8.632921,16.0,12.223468,0.559586,-0.243075,-0.792325,61.9626
443,9.2292,-8.735561,16.0,12.174016,0.565555,-0.242781,-0.788166,61.9582
444,9.25,-8.83878,16.0,12.124134,0.571517,-0.242475,-0.783948,61.9536
445,9.2708,-8.94255,16.0,12.073821,0.577469,-0.242158,-0.779672,61.9488
446,9.2917,-9.046845,16.0,12.023077,0.58341,-0.241829,-0.77534,61.9437
447,9.3125,-9.151637,16.0,11.971903,0.589336,-0.241488,-0.770952,61.9385
448,9.3333,-9.256899,16.0,11.920297,0.595245,-0.241136,-0.766509,61.933
449,9.3542,-9.362603,16.0,11.868259,0.601135,-0.240773,-0.762014,61.9273
450,9.375,-9.468723,16.0,11.81579,0.607004,-0.240398,-0.757466,61.9215
451,9.3958,-9.575232,16.0,11.762889,0.612849,-0.240014,-0.752867,61.9154
452,9.4167,-9.682101,16.0,11.709556,0.618669,-0.239618,-0.748219,61.9091
453,9.4375,-9.789303,16.0,11.65579,0.62446,-0.239213,-0.743523,61.9026
454,9.4583,-9.896811,16.0,11.601591,0.630222,-0.238797,-0.738781,61.8959
455,9.4792,-10.004599,16.0,11.546959,0.635951,-0.238372,-0.733993,61.889
456,9.5,-10.112638,16.0,11.491894,0.641647,-0.237937,-0.729161,61.8819
457,9.5208,-10.220901,16.0,11.436395,0.647307,-0.237494,-0.724286,61.8747
458,9.5417,-10.32936,16.0,11.380463,0.65293,-0.237041,-0.719371,61.8672
459,9.5625,-10.437989,16.0,11.324097,0.658513,-0.23658,-0.714416,61.8596
460,9.5833,-10.54676,16.0,11.267296,0.664056,-0.236111,-0.709423,61.8518
461,9.6042,-10.655646,16.0,11.210062,0.669557,-0.235634,-0.704394,61.8438
462,9.625,-10.764618,16.0,11.152393,0.675013,-0.23515,-0.699329,61.8357
463,9.6458,-10.873651,16.0,11.094289,0.680425,-0.234658,-0.694231,61.8273
464,9.6667,-10.982715,16.0,11.03575,0.68579,-0.23416,-0.689102,61.8189
465,9.6875,-11.091785,16.0,10.976776,0.691107,-0.233655,-0.683941,61.8102
466,9.7083,-11.200833,16.0,10.917367,0.696376,-0.233144,-0.678752,61.8014
467,9.7292,-11.30983,16.0,10.857523,0.701594,-0.232628,-0.673536,61.7924
468,9.75,-11.41875,16.0,10.797243,0.706761,-0.232105,-0.668293,61.7833
469,9.7708,-11.527566,16.0,10.736527,0.711876,-0.231578,-0.663026,61.774
470,9.7917,-11.636249,16.0,10.675375,0.716938,-0.231047,-0.657736,61.7645
471,9.8125,-11.744773,16.0,10.613787,0.721946,-0.230511,-0.652425,61.7549
472,9.8333,-11.85311,16.0,10.551763,0.7269,-0.229971,-0.647094,61.7452
473,9.8542,-11.961233,16.0,10.489303,0.731798,-0.229428,-0.641744,61.7353
474,9.875,-12.069115,16.0,10.426406,0.73664,-0.228882,-0.636377,61.7253
475,9.8958,-12.176727,16.0,10.363072,0.741425,-0.228333,-0.630994,61.7152
476,9.9167,-12.284043,16.0,10.299302,0.746153,-0.227781,-0.625597,61.7049
477,9.9375,-12.391035,16.0,10.235095,0.750824,-0.227228,-0.620186,61.6945
478,9.9583,-12.497676,16.0,10.170451,0.755436,-0.226673,-0.614765,61.6839
479,9.9792,-12.603939,16.0,10.10537,0.75999,-0.226117,-0.609332,61.6733
480,10.0,-12.709796,16.0,10.039852,0.764486,-0.22556,-0.603891,61.6625
481,10.0208,-12.81522,16.0,9.973897,0.768923,-0.225003,-0.598441,61.6516
482,10.0417,-12.920183,16.0,9.907504,0.7733,-0.224445,-0.592985,61.6405
483,10.0625,-13.024659,16.0,9.840674,0.777618,-0.223888,-0.587523,61.6294
484,10.0833,-13.12862,16.0,9.773406,0.781877,-0.223332,-0.582057,61.6181
485,10.1042,-13.232038,16.0,9.705701,0.786077,-0.222777,-0.576588,61.6068
486,10.125,-13.334888,16.0,9.637558,0.790217,-0.222223,-0.571116,61.5953
487,10.1458,-13.43714,16.0,9.568978,0.794298,-0.221671,-0.565643,61.5838
488,10.1667,-13.538769,16.0,9.499959,0.79832,-0.221121,-0.56017,61.5721
489,10.1875,-13.639746,16.0,9.430503,0.802283,-0.220573,-0.554698,61.5603
490,10.2083,-13.740046,16.0,9.360609,0.806187,-0.220028,-0.549227,61.5485
491,10.2292,-13.839639,16.0,9.290277,0.810032,-0.219487,-0.543759,61.5366
492,10.25,-13.938501,16.0,9.219508,0.813819,-0.218949,-0.538294,61.5245
493,10.2708,-14.036602,16.0,9.1483,0.817547,-0.218415,-0.532833,61.5124
494,10.2917,-14.133917,16.0,9.076654,0.821218,-0.217885,-0.527378,61.5002
495,10.3125,-14.230419,16.0,9.00457,0.824831,-0.217359,-0.521928,61.4879
496,10.3333,-14.326079,16.0,8.932048,0.828387,-0.216839,-0.516484,61.4756
497,10.3542,-14.420871,16.0,8.859089,0.831886,-0.216323,-0.511048,61.4632
498,10.375,-14.514769,16.0,8.785691,0.835329,-0.215813,-0.505619,61.4507
499,10.3958,-14.607745,16.0,8.711855,0.838715,-0.215309,-0.500198,61.4381
500,10.4167,-14.699772,16.0,8.637581,0.842047,-0.214811,-0.494786,61.4255
501,10.4375,-14.790823,16.0,8.562869,0.845323,-0.214319,-0.489384,61.4128
502,10.4583,-14.880872,16.0,8.487719,0.848544,-0.213834,-0.483991,61.4
503,10.4792,-14.969892,16.0,8.412131,0.851712,-0.213356,-0.478608,61.3872
504,10.5,-15.057856,16.0,8.336105,0.854826,-0.212885,-0.473236,61.3744
505,10.5208,-15.144736,16.0,8.259642,0.857887,-0.212422,-0.467875,61.3615
506,10.5417,-15.230507,16.0,8.18274,0.860896,-0.211967,-0.462525,61.3485
507,10.5625,-15.315142,16.0,8.105401,0.863852,-0.211519,-0.457186,61.3355
508,10.5833,-15.398613,16.0,8.027624,0.866758,-0.21108,-0.451859,61.3225
509,10.6042,-15.480895,16.0,7.949409,0.869612,-0.21065,-0.446544,61.3094
510,10.625,-15.56196,16.0,7.870757,0.872416,-0.210228,-0.441241,61.2963
511,10.6458,-15.641783,16.0,7.791667,0.875171,-0.209816,-0.43595,61.2831
512,10.6667,-15.720336,16.0,7.712139,0.877877,-0.209413,-0.430672,61.27
513,10.6875,-15.797593,16.0,7.632174,0.880534,-0.209019,-0.425406,61.2568
514,10.7083,-15.873528,16.0,7.551772,0.883144,-0.208636,-0.420152,61.2435
515,10.7292,-15.948114,16.0,7.470933,0.885706,-0.208263,-0.414911,61.2303
516,10.75,-16.021325,16.0,7.389656,0.888222,-0.2079,-0.409682,61.217
517,10.7708,-16.093135,16.0,7.307943,0.890692,-0.207548,-0.404466,61.2037
518,10.7917,-16.163516,16.0,7.225792,0.893116,-0.207206,-0.399261,61.1904
519,10.8125,-16.232444,16.0,7.143205,0.895495,-0.206876,-0.394069,61.1771
520,10.8333,-16.299891,16.0,7.060181,0.89783,-0.206557,-0.388889,61.1638
521,10.8542,-16.365832,16.0,6.97672,0.900122,-0.20625,-0.38372,61.1505
522,10.875,-16.43024,16.0,6.892823,0.902371,-0.205955,-0.378563,61.1372
523,10.8958,-16.49309,16.0,6.80849,0.904577,-0.205672,-0.373417,61.1238
524,10.9167,-16.554355,16.0,6.723721,0.906741,-0.205401,-0.368282,61.1105
525,10.9375,-16.61401,16.0,6.638515,0.908864,-0.205142,-0.363158,61.0972
526,10.9583,-16.672028,16.0,6.552874,0.910946,-0.204897,-0.358044,61.0839
527,10.9792,-16.728384,16.0,6.466797,0.912988,-0.204664,-0.352939,61.0706
528,11.0,-16.783051,16.0,6.380285,0.91499,-0.204445,-0.347845,61.0573
529,11.0208,-16.836005,16.0,6.293337,0.916953,-0.204239,-0.342759,61.0441
530,11.0417,-16.887219,16.0,6.205954,0.918877,-0.204047,-0.337682,61.0308
531,11.0625,-16.936667,16.0,6.118136,0.920764,-0.203869,-0.332613,61.0176
532,11.0833,-16.984324,16.0,6.029883,0.922613,-0.203705,-0.327552,61.0044
533,11.1042,-17.030114,16.00004,5.941495,0.924419,-0.203557,-0.322513,60.9784
534,11.125,-17.074838,16.000249,5.852081,0.926202,-0.203427,-0.317438,60.9452
535,11.1458,-17.118684,16.000633,5.761362,0.927968,-0.203314,-0.312311,60.911
536,11.1667,-17.161652,16.001187,5.669364,0.929716,-0.203217,-0.307132,60.876
537,11.1875,-17.203743,16.001905,5.576116,0.931446,-0.203136,-0.301902,60.8401
538,11.2083,-17.244959,16.002781,5.481643,0.933155,-0.20307,-0.296621,60.8033
539,11.2292,-17.285301,16.003812,5.385973,0.934844,-0.203018,-0.291291,60.7658
540,11.25,-17.32477,16.004991,5.289134,0.936512,-0.202981,-0.285911,60.7274
541,11.2708,-17.363366,16.006314,5.191151,0.938157,-0.202957,-0.280482,60.6882
542,11.2917,-17.401092,16.007775,5.092052,0.939779,-0.202946,-0.275006,60.6483
543,11.3125,-17.437947,16.00937,4.991865,0.941377,-0.202947,-0.269483,60.6076
544,11.3333,-17.473934,16.011092,4.890615,0.942951,-0.202961,-0.263914,60.5661
545,11.3542,-17.509054,16.012937,4.78833,0.944499,-0.202986,-0.258299,60.5238
546,11.375,-17.543307,16.014901,4.685037,0.946021,-0.203022,-0.25264,60.4809
547,11.3958,-17.576694,16.016976,4.580762,0.947515,-0.203068,-0.246937,60.4372
548,11.4167,-17.609218,16.019159,4.475532,0.948982,-0.203125,-0.241192,60.3928
549,11.4375,-17.640879,16.021444,4.369375,0.95042,-0.20319,-0.235404,60.3478
550,11.4583,-17.671678,16.023827,4.262316,0.951829,-0.203265,-0.229576,60.302
551,11.4792,-17.701616,16.026302,4.154383,0.953207,-0.203349,-0.223708,60.2556
552,11.5,-17.730696,16.028863,4.045603,0.954555,-0.20344,-0.2178,60.2086
553,11.5208,-17.758917,16.031507,3.936002,0.955871,-0.203539,-0.211855,60.1609
554,11.5417,-17.786281,16.034227,3.825606,0.957155,-0.203645,-0.205872,60.1126
555,11.5625,-17.81279,16.037019,3.714442,0.958406,-0.203758,-0.199853,60.0637
556,11.5833,-17.838444,16.039877,3.602538,0.959623,-0.203877,-0.193799,60.0142
557,11.6042,-17.863246,16.042797,3.489919,0.960806,-0.204002,-0.187711,59.9642
558,11.625,-17.887195,16.045773,3.376612,0.961954,-0.204133,-0.18159,59.9135
559,11.6458,-17.910294,16.048801,3.262643,0.963066,-0.204268,-0.175438,59.8623
560,11.6667,-17.932544,16.051875,3.148039,0.964142,-0.204408,-0.169254,59.8106
561,11.6875,-17.953946,16.054991,3.032827,0.965182,-0.204552,-0.163041,59.7584
562,11.7083,-17.974501,16.058143,2.917032,0.966184,-0.204699,-0.156799,59.7056
563,11.7292,-17.99421,16.061326,2.800681,0.967149,-0.20485,-0.15053,59.6524
564,11.75,-18.013076,16.064535,2.683801,0.968075,-0.205004,-0.144235,59.5987
565,11.7708,-18.031099,16.067765,2.566417,0.968963,-0.205161,-0.137915,59.5445
566,11.7917,-18.04828,16.071012,2.448556,0.969811,-0.205319,-0.131571,59.4898
567,11.8125,-18.064622,16.07427,2.330244,0.970619,-0.20548,-0.125205,59.4347
568,11.8333,-18.080125,16.077534,2.211507,0.971388,-0.205641,-0.118817,59.3792
569,11.8542,-18.09479,16.080799,2.092372,0.972116,-0.205804,-0.11241,59.3233
570,11.875,-18.10862,16.084061,1.972863,0.972803,-0.205967,-0.105983,59.2669
571,11.8958,-18.121615,16.087314,1.853008,0.973448,-0.206131,-0.099539,59.2102
572,11.9167,-18.133776,16.090553,1.732832,0.974053,-0.206295,-0.093079,59.1531
573,11.9375,-18.145107,16.093774,1.612361,0.974615,-0.206458,-0.086604,59.0957
574,11.9583,-18.155606,16.096971,1.491622,0.975136,-0.20662,-0.080115,59.0379
575,11.9792,-18.165277,16.10014,1.370639,0.975614,-0.206782,-0.073614,58.9798
576,12.0,-18.17412,16.103276,1.249439,0.976049,-0.206942,-0.067102,58.9213
577,12.0208,-18.182137,16.106374,1.128047,0.976442,-0.2071,-0.06058,58.8626
578,12.0417,-18.18933,16.109429,1.006489,0.976792,-0.207257,-0.05405,58.8035
579,12.0625,-18.195699,16.112435,0.884791,0.977099,-0.207411,-0.047513,58.7442
580,12.0833,-18.201246,16.115389,0.762978,0.977363,-0.207562,-0.04097,58.6846
581,12.1042,-18.205974,16.118285,0.641076,0.977584,-0.207711,-0.034423,58.6248
582,12.125,-18.209882,16.121119,0.51911,0.977762,-0.207856,-0.027873,58.5647
583,12.1458,-18.212973,16.123886,0.397106,0.977897,-0.207998,-0.021322,58.5044
584,12.1667,-18.215248,16.12658,0.275089,0.977988,-0.208136,-0.01477,58.4439
585,12.1875,-18.216709,16.129198,0.153084,0.978037,-0.20827,-0.008219,58.3831
586,12.2083,-18.217357,16.131733,0.031117,0.978042,-0.2084,-0.001671,58.3222
587,12.2292,-18.217194,16.134183,-0.090787,0.978005,-0.208525,0.004874,58.2612
588,12.25,-18.216221,16.136541,-0.212603,0.977925,-0.208646,0.011413,58.1999
589,12.2708,-18.214439,16.138803,-0.334306,0.977802,-0.208762,0.017946,58.1385
590,12.2917,-18.211851,16.140964,-0.45587,0.977637,-0.208872,0.024472,58.077
591,12.3125,-18.208458,16.143019,-0.577272,0.977429,-0.208977,0.030988,58.0154
592,12.3333,-18.204261,16.144965,-0.698486,0.97718,-0.209076,0.037494,57.9536
593,12.3542,-18.199262,16.146795,-0.819486,0.976889,-0.20917,0.043988,57.8918
594,12.375,-18.193462,16.148506,-0.940249,0.976557,-0.209257,0.050469,57.8299
595,12.3958,-18.186864,16.150093,-1.060749,0.976184,-0.209338,0.056936,57.7679
596,12.4167,-18.179468,16.151551,-1.180963,0.975771,-0.209413,0.063387,57.7058
597,12.4375,-18.171277,16.152875,-1.300864,0.975317,-0.209481,0.069822,57.6437
598,12.4583,-18.162291,16.15406,-1.420429,0.974823,-0.209542,0.076239,57.5816
599,12.4792,-18.152513,16.155103,-1.539633,0.97429,-0.209596,0.082636,57.5195
600,12.5,-18.141944,16.155998,-1.658452,0.973718,-0.209643,0.089013,57.4574
601,12.5208,-18.130586,16.156741,-1.776861,0.973107,-0.209683,0.095368,57.3952
602,12.5417,-18.11844,16.157328,-1.894836,0.972459,-0.209715,0.1017,57.3331
603,12.5625,-18.105508,16.157753,-2.012353,0.971773,-0.20974,0.108009,57.271
604,12.5833,-18.091792,16.158012,-2.129388,0.971051,-0.209757,0.114292,57.209
605,12.6042,-18.077293,16.158101,-2.245916,0.970292,-0.209766,0.120549,57.147
606,12.625,-18.062013,16.158015,-2.361914,0.969497,-0.209767,0.126778,57.0851
607,12.6458,-18.045953,16.157749,-2.477357,0.968668,-0.20976,0.132979,57.0233
608,12.6667,-18.029116,16.1573,-2.592222,0.967804,-0.209744,0.139151,56.9616
609,12.6875,-18.011503,16.156662,-2.706485,0.966906,-0.20972,0.145291,56.9
610,12.7083,-17.993116,16.155831,-2.820122,0.965976,-0.209688,0.151401,56.8385
611,12.7292,-17.973956,16.154803,-2.933109,0.965013,-0.209647,0.157477,56.7771
612,12.75,-17.954025,16.153573,-3.045423,0.964018,-0.209597,0.16352,56.7159
613,12.7708,-17.933325,16.152136,-3.15704,0.962992,-0.209539,0.169528,56.6549
614,12.7917,-17.911858,16.150489,-3.267937,0.961936,-0.209471,0.175501,56.594
615,12.8125,-17.889625,16.148627,-3.37809,0.960851,-0.209395,0.181437,56.5333
616,12.8333,-17.866628,16.146546,-3.487477,0.959737,-0.20931,0.187336,56.4728
617,12.8542,-17.842869,16.14424,-3.596073,0.958595,-0.209215,0.193196,56.4125
618,12.875,-17.818349,16.141707,-3.703856,0.957426,-0.209111,0.199018,56.3524
619,12.8958,-17.793071,16.138941,-3.810802,0.956231,-0.208998,0.204799,56.2926
620,12.9167,-17.767035,16.135938,-3.916889,0.95501,-0.208876,0.21054,56.233
621,12.9375,-17.740245,16.132694,-4.022094,0.953764,-0.208744,0.216239,56.1736
622,12.9583,-17.712701,16.129204,-4.126393,0.952495,-0.208603,0.221896,56.1146
623,12.9792,-17.684406,16.125465,-4.229765,0.951203,-0.208452,0.227509,56.0558
624,13.0,-17.655361,16.121472,-4.332185,0.949889,-0.208292,0.233079,55.9973
625,13.0208,-17.625568,16.117221,-4.433633,0.948553,-0.208122,0.238604,55.9391
626,13.0417,-17.595029,16.112707,-4.534084,0.947197,-0.207942,0.244084,55.8812
627,13.0625,-17.563745,16.107927,-4.633518,0.945822,-0.207753,0.249519,55.8237
628,13.0833,-17.531719,16.102876,-4.73191,0.944428,-0.207553,0.254906,55.7665
629,13.1042,-17.498952,16.09755,-4.82924,0.943016,-0.207344,0.260247,55.7096
630,13.125,-17.465447,16.091945,-4.925484,0.941588,-0.207125,0.26554,55.6531
631,13.1458,-17.431205,16.086057,-5.020621,0.940143,-0.206896,0.270785,55.597
632,13.1667,-17.396227,16.079881,-5.114629,0.938684,-0.206657,0.275981,55.5412
633,13.1875,-17.360517,16.073414,-5.207486,0.93721,-0.206408,0.281127,55.4859
634,13.2083,-17.324075,16.066652,-5.299169,0.935724,-0.206148,0.286224,55.431
635,13.2292,-17.286903,16.059589,-5.389658,0.934225,-0.205879,0.29127,55.3765
636,13.25,-17.249004,16.052224,-5.47893,0.932714,-0.2056,0.296265,55.3224
637,13.2708,-17.210379,16.04455,-5.566964,0.931193,-0.20531,0.301209,55.2688
638,13.2917,-17.171031,16.036565,-5.653738,0.929663,-0.20501,0.306101,55.2156
639,13.3125,-17.13096,16.028264,-5.739231,0.928124,-0.204699,0.310941,55.1629
640,13.3333,-17.09017,16.019644,-5.823422,0.926577,-0.204379,0.315728,55.1107
641,13.3542,-17.048661,16.0107,-5.906289,0.925023,-0.204047,0.320462,55.0589
642,13.375,-17.006437,16.001428,-5.987811,0.923464,-0.203706,0.325143,55.0077
643,13.3958,-16.964812,15.992174,-6.065478,0.921948,-0.203367,0.329627,54.9606
644,13.4167,-16.92213,15.982667,-6.142414,0.920415,-0.203024,0.334093,54.9142
645,13.4375,-16.878131,15.97285,-6.219144,0.918853,-0.202674,0.338573,54.8678
646,13.4583,-16.832836,15.96273,-6.295661,0.917264,-0.202316,0.343067,54.8215
647,13.4792,-16.786264,15.952311,-6.371957,0.915646,-0.201951,0.347573,54.7753
648,13.5,-16.738436,15.941597,-6.448024,0.914,-0.201579,0.352093,54.7291
649,13.5208,-16.689372,15.930595,-6.523857,0.912325,-0.2012,0.356627,54.683
650,13.5417,-16.639094,15.919309,-6.599447,0.91062,-0.200813,0.361173,54.6369
651,13.5625,-16.58762,15.907744,-6.674788,0.908885,-0.200419,0.365732,54.5909
652,13.5833,-16.534972,15.895905,-6.749872,0.907121,-0.200017,0.370303,54.545
653,13.6042,-16.48117,15.883797,-6.824692,0.905327,-0.199608,0.374887,54.4991
654,13.625,-16.426233,15.871426,-6.899242,0.903502,-0.199191,0.379483,54.4532
655,13.6458,-16.370183,15.858795,-6.973514,0.901646,-0.198767,0.384091,54.4075
656,13.6667,-16.313038,15.84591,-7.047502,0.899759,-0.198335,0.388711,54.3617
657,13.6875,-16.254819,15.832775,-7.121198,0.897841,-0.197896,0.393342,54.3161
658,13.7083,-16.195546,15.819397,-7.194595,0.895892,-0.197449,0.397985,54.2705
659,13.7292,-16.135239,15.805779,-7.267687,0.89391,-0.196994,0.402638,54.2249
660,13.75,-16.073918,15.791926,-7.340467,0.891897,-0.196532,0.407302,54.1794
661,13.7708,-16.011602,15.777844,-7.412927,0.889851,-0.196061,0.411976,54.134
662,13.7917,-15.948312,15.763536,-7.485062,0.887773,-0.195583,0.416661,54.0886
663,13.8125,-15.884066,15.749009,-7.556864,0.885662,-0.195097,0.421355,54.0433
664,13.8333,-15.818885,15.734267,-7.628326,0.883518,-0.194604,0.426058,53.9981
665,13.8542,-15.752789,15.719314,-7.699442,0.881341,-0.194102,0.43077,53.9529
666,13.875,-15.685796,15.704156,-7.770205,0.87913,-0.193592,0.435491,53.9077
667,13.8958,-15.617926,15.688797,-7.840609,0.876886,-0.193075,0.44022,53.8627
668,13.9167,-15.549198,15.673241,-7.910646,0.874608,-0.19255,0.444956,53.8177
669,13.9375,-15.479633,15.657495,-7.980311,0.872296,-0.192016,0.4497,53.7727
670,13.9583,-15.409249,15.641562,-8.049596,0.869949,-0.191475,0.454451,53.7279
671,13.9792,-15.338066,15.625447,-8.118495,0.867569,-0.190926,0.459207,53.683
672,14.0,-15.266102,15.609155,-8.187002,0.865154,-0.190369,0.46397,53.6383
673,14.0208,-15.193377,15.59269,-8.25511,0.862704,-0.189803,0.468738,53.5936
674,14.0417,-15.11991,15.576058,-8.322813,0.86022,-0.18923,0.473512,53.549
675,14.0625,-15.045719,15.559263,-8.390104,0.857701,-0.188649,0.478289,53.5044
676,14.0833,-14.970825,15.542309,-8.456977,0.855147,-0.18806,0.48307,53.4599
677,14.1042,-14.895246,15.525202,-8.523425,0.852558,-0.187463,0.487855,53.4155
678,14.125,-14.819,15.507945,-8.589443,0.849934,-0.186857,0.492642,53.3711
679,14.1458,-14.742106,15.490543,-8.655024,0.847275,-0.186244,0.497431,53.3268
680,14.1667,-14.664584,15.473002,-8.720161,0.844581,-0.185623,0.502222,53.2825
681,14.1875,-14.586451,15.455325,-8.784849,0.841851,-0.184994,0.507014,53.2384
682,14.2083,-14.507726,15.437517,-8.849081,0.839087,-0.184357,0.511806,53.1942
683,14.2292,-14.428428,15.419583,-8.912852,0.836287,-0.183712,0.516598,53.1502
684,14.25,-14.348576,15.401528,-8.976154,0.833452,-0.18306,0.521389,53.1062
685,14.2708,-14.268187,15.383354,-9.038983,0.830582,-0.182399,0.526179,53.0623
686,14.2917,-14.18728,15.365068,-9.101331,0.827677,-0.181731,0.530966,53.0184
687,14.3125,-14.105874,15.346674,-9.163194,0.824737,-0.181055,0.53575,52.9747
688,14.3333,-14.023986,15.328176,-9.224564,0.821762,-0.180372,0.540531,52.931
689,14.3542,-13.941634,15.309578,-9.285437,0.818752,-0.17968,0.545307,52.8873
690,14.375,-13.858837,15.290886,-9.345805,0.815708,-0.178981,0.550078,52.8437
691,14.3958,-13.775613,15.272102,-9.405664,0.812629,-0.178275,0.554844,52.8002
692,14.4167,-13.691979,15.253233,-9.465007,0.809516,-0.177561,0.559603,52.7568
693,14.4375,-13.607954,15.234282,-9.523829,0.806369,-0.17684,0.564355,52.7134
694,14.4583,-13.523555,15.215253,-9.582123,0.803188,-0.176112,0.569099,52.6701
695,14.4792,-13.4388,15.196151,-9.639885,0.799973,-0.175376,0.573835,52.6269
696,14.5,-13.353707,15.17698,-9.697108,0.796725,-0.174633,0.578561,52.5837
697,14.5208,-13.268292,15.157745,-9.753787,0.793444,-0.173883,0.583276,52.5406
698,14.5417,-13.182575,15.13845,-9.809916,0.79013,-0.173126,0.587981,52.4976
699,14.5625,-13.096572,15.119098,-9.86549,0.786783,-0.172363,0.592674,52.4546
700,14.5833,-13.0103,15.099695,-9.920502,0.783405,-0.171592,0.597355,52.4117
701,14.6042,-12.923777,15.080245,-9.974948,0.779994,-0.170815,0.602022,52.3689
702,14.625,-12.83702,15.060751,-10.028823,0.776553,-0.170031,0.606676,52.3262
703,14.6458,-12.750046,15.041218,-10.082119,0.77308,-0.169241,0.611314,52.2835
704,14.6667,-12.662873,15.021651,-10.134833,0.769577,-0.168445,0.615937,52.2409
705,14.6875,-12.575517,15.002052,-10.186959,0.766043,-0.167642,0.620543,52.1984
706,14.7083,-12.487996,14.982427,-10.238491,0.76248,-0.166834,0.625132,52.1559
707,14.7292,-12.400325,14.96278,-10.289424,0.758888,-0.16602,0.629703,52.1135
708,14.75,-12.312523,14.943114,-10.339753,0.755268,-0.165199,0.634255,52.0712
709,14.7708,-12.224605,14.923435,-10.389473,0.751619,-0.164374,0.638788,52.029
710,14.7917,-12.136589,14.903745,-10.438579,0.747943,-0.163543,0.6433,51.9868
711,14.8125,-12.04849,14.884049,-10.487064,0.744241,-0.162706,0.647791,51.9447
712,14.8333,-11.960326,14.864351,-10.534926,0.740512,-0.161865,0.652259,51.9027
713,14.8542,-11.872113,14.844654,-10.582157,0.736757,-0.161019,0.656705,51.8607
714,14.875,-11.783867,14.824964,-10.628754,0.732978,-0.160167,0.661128,51.8188
715,14.8958,-11.695605,14.805284,-10.67471,0.729174,-0.159312,0.665526,51.777
716,14.9167,-11.607342,14.785617,-10.720023,0.725347,-0.158452,0.669899,51.7353
717,14.9375,-11.519095,14.765969,-10.764685,0.721498,-0.157588,0.674245,51.6937
718,14.9583,-11.430879,14.746342,-10.808693,0.717626,-0.156719,0.678566,51.6521
719,14.9792,-11.342712,14.726741,-10.852042,0.713734,-0.155848,0.682859,51.6106
720,15.0,-11.254608,14.707169,-10.894727,0.709821,-0.154972,0.687123,51.5692
721,15.0208,-11.166583,14.687631,-10.936743,0.705888,-0.154093,0.691359,51.5278
722,15.0417,-11.078654,14.66813,-10.978085,0.701937,-0.153211,0.695565,51.4865
723,15.0625,-10.990835,14.64867,-11.018749,0.697968,-0.152326,0.699741,51.4453
724,15.0833,-10.903143,14.629255,-11.05873,0.693982,-0.151439,0.703885,51.4042
725,15.1042,-10.815592,14.609888,-11.098024,0.689981,-0.150549,0.707998,51.3632
726,15.125,-10.728199,14.590574,-11.136626,0.685964,-0.149657,0.712079,51.3222
727,15.1458,-10.640978,14.571316,-11.174532,0.681933,-0.148763,0.716126,51.2813
728,15.1667,-10.553946,14.552117,-11.211736,0.677889,-0.147867,0.72014,51.2405
729,15.1875,-10.467115,14.532982,-11.248236,0.673833,-0.14697,0.724119,51.1997
730,15.2083,-10.380503,14.513915,-11.284025,0.669767,-0.146071,0.728063,51.1591
731,15.2292,-10.294124,14.494918,-11.319101,0.66569,-0.145172,0.731972,51.1185
732,15.25,-10.207993,14.475996,-11.353458,0.661604,-0.144272,0.735844,51.078
733,15.2708,-10.122124,14.457151,-11.387092,0.65751,-0.143371,0.739679,51.0376
734,15.2917,-10.036533,14.438389,-11.42,0.653409,-0.142471,0.743477,50.9972
735,15.3125,-9.951234,14.419712,-11.452177,0.649303,-0.14157,0.747237,50.9569
736,15.3333,-9.866241,14.401123,-11.483619,0.645192,-0.14067,0.750959,50.9168
737,15.3542,-9.781569,14.382627,-11.514321,0.641078,-0.139771,0.754641,50.8766
738,15.375,-9.697233,14.364227,-11.544281,0.636961,-0.138873,0.758284,50.8366
739,15.3958,-9.613247,14.345926,-11.573493,0.632843,-0.137976,0.761887,50.7967
740,15.4167,-9.529625,14.327728,-11.601954,0.628726,-0.13708,0.76545,50.7568
741,15.4375,-9.44638,14.309636,-11.62966,0.624609,-0.136186,0.768971,50.717
742,15.4583,-9.363528,14.291653,-11.656607,0.620495,-0.135295,0.772451,50.6773
743,15.4792,-9.281082,14.273784,-11.682791,0.616385,-0.134406,0.77589,50.6377
744,15.5,-9.199056,14.256031,-11.708208,0.612279,-0.133519,0.779286,50.5981
745,15.5208,-9.117464,14.238398,-11.732856,0.60818,-0.132636,0.78264,50.5586
746,15.5417,-9.036319,14.220888,-11.756729,0.604088,-0.131756,0.78595,50.5192
747,15.5625,-8.955635,14.203504,-11.779825,0.600005,-0.13088,0.789218,50.4799
748,15.5833,-8.875425,14.186251,-11.802139,0.595931,-0.130007,0.792442,50.4407
749,15.6042,-8.795704,14.16913,-11.823669,0.591868,-0.129139,0.795622,50.4016
750,15.625,-8.716483,14.152145,-11.84441,0.587818,-0.128276,0.798758,50.3625
751,15.6458,-8.637778,14.1353,-11.86436,0.583782,-0.127418,0.80185,50.3235
752,15.6667,-8.559599,14.118597,-11.883514,0.579761,-0.126564,0.804897,50.2846
753,15.6875,-8.481962,14.10204,-11.90187,0.575756,-0.125716,0.807899,50.2458
754,15.7083,-8.404878,14.085632,-11.919424,0.571768,-0.124875,0.810856,50.2071
755,15.7292,-8.328361,14.069376,-11.936172,0.567799,-0.124039,0.813768,50.1684
756,15.75,-8.252423,14.053275,-11.952113,0.563851,-0.12321,0.816634,50.1298
757,15.7708,-8.177077,14.037333,-11.967241,0.559924,-0.122387,0.819455,50.0914
758,15.7917,-8.102335,14.021551,-11.981555,0.55602,-0.121572,0.82223,50.053
759,15.8125,-8.028211,14.005934,-11.995051,0.55214,-0.120764,0.824959,50.0146
760,15.8333,-7.960224,13.991648,-12.006786,0.548575,-0.120025,0.827442,49.9789
761,15.8542,-7.895367,13.978078,-12.017349,0.54517,-0.119323,0.82979,49.9446
762,15.875,-7.83002,13.964463,-12.027382,0.541735,-0.118618,0.832138,49.9102
763,15.8958,-7.764197,13.950806,-12.036888,0.53827,-0.117912,0.834483,49.8758
764,15.9167,-7.697916,13.937108,-12.04587,0.534775,-0.117203,0.836827,49.8413
765,15.9375,-7.631191,13.923372,-12.054333,0.531249,-0.116493,0.839168,49.8067
766,15.9583,-7.564039,13.909599,-12.062279,0.527694,-0.115779,0.841507,49.7721
767,15.9792,-7.496475,13.895791,-12.069712,0.524109,-0.115064,0.843842,49.7374
768,16.0,-7.428515,13.88195,-12.076637,0.520494,-0.114346,0.846174,49.7027
769,16.0208,-7.360175,13.868079,-12.083055,0.51685,-0.113625,0.848502,49.6679
770,16.0417,-7.291469,13.854178,-12.088972,0.513176,-0.112902,0.850825,49.6331
771,16.0625,-7.222413,13.84025,-12.09439,0.509472,-0.112177,0.853144,49.5983
772,16.0833,-7.153023,13.826297,-12.099313,0.50574,-0.111449,0.855457,49.5634
773,16.1042,-7.083313,13.81232,-12.103744,0.501978,-0.110718,0.857764,49.5285
774,16.125,-7.013299,13.798321,-12.107688,0.498187,-0.109984,0.860066,49.4935
775,16.1458,-6.942995,13.784303,-12.111147,0.494368,-0.109248,0.86236,49.4586
776,16.1667,-6.872416,13.770267,-12.114125,0.49052,-0.108509,0.864648,49.4236
777,16.1875,-6.801578,13.756215,-12.116626,0.486644,-0.107768,0.866928,49.3886
778,16.2083,-6.730495,13.742148,-12.118653,0.482739,-0.107023,0.8692,49.3536
779,16.2292,-6.659181,13.728069,-12.12021,0.478807,-0.106276,0.871464,49.3185
780,16.25,-6.587652,13.713979,-12.121299,0.474847,-0.105526,0.873719,49.2835
781,16.2708,-6.515921,13.69988,-12.121925,0.470859,-0.104772,0.875965,49.2485
782,16.2917,-6.444003,13.685774,-12.122092,0.466844,-0.104017,0.878201,49.2135
783,16.3125,-6.371912,13.671662,-12.121801,0.462803,-0.103258,0.880427,49.1784
784,16.3333,-6.299663,13.657547,-12.121058,0.458735,-0.102496,0.882642,49.1434
785,16.3542,-6.22727,13.64343,-12.119865,0.45464,-0.101731,0.884846,49.1084
786,16.375,-6.154746,13.629312,-12.118226,0.45052,-0.100964,0.887039,49.0735
787,16.3958,-6.082106,13.615196,-12.116144,0.446374,-0.100194,0.88922,49.0385
788,16.4167,-6.009364,13.601083,-12.113623,0.442203,-0.09942,0.891388,49.0036
789,16.4375,-5.936532,13.586974,-12.110666,0.438006,-0.098644,0.893543,48.9687
790,16.4583,-5.863625,13.572873,-12.107277,0.433786,-0.097865,0.895685,48.9338
791,16.4792,-5.790657,13.558779,-12.103459,0.429541,-0.097083,0.897814,48.899
792,16.5,-5.717641,13.544695,-12.099215,0.425273,-0.096298,0.899928,48.8642
793,16.5208,-5.64459,13.530623,-12.094549,0.420981,-0.09551,0.902027,48.8294
794,16.5417,-5.571517,13.516563,-12.089464,0.416666,-0.09472,0.904111,48.7947
795,16.5625,-5.498437,13.502518,-12.083964,0.412329,-0.093927,0.90618,48.76
796,16.5833,-5.425361,13.48849,-12.078052,0.407971,-0.093131,0.908233,48.7254
797,16.6042,-5.352304,13.474479,-12.071731,0.40359,-0.092332,0.910269,48.6908
798,16.625,-5.279277,13.460488,-12.065005,0.399189,-0.09153,0.912288,48.6563
799,16.6458,-5.206294,13.446518,-12.057877,0.394768,-0.090726,0.91429,48.6219
800,16.6667,-5.133368,13.432571,-12.05035,0.390327,-0.089919,0.916275,48.5875
801,16.6875,-5.06051,13.418647,-12.042428,0.385866,-0.08911,0.918241,48.5532
802,16.7083,-4.987735,13.40475,-12.034114,0.381387,-0.088298,0.920189,48.5189
803,16.7292,-4.915053,13.390879,-12.025412,0.37689,-0.087483,0.922117,48.4847
804,16.75,-4.842478,13.377037,-12.016324,0.372375,-0.086667,0.924027,48.4506
805,16.7708,-4.770023,13.363226,-12.006854,0.367843,-0.085847,0.925917,48.4166
806,16.7917,-4.697698,13.349446,-11.997006,0.363296,-0.085025,0.927786,48.3827
807,16.8125,-4.625516,13.335699,-11.986782,0.358732,-0.084201,0.929635,48.3488
808,16.8333,-4.553489,13.321987,-11.976187,0.354153,-0.083375,0.931463,48.3151
809,16.8542,-4.481629,13.308311,-11.965222,0.349561,-0.082547,0.93327,48.2814
810,16.875,-4.409948,13.294673,-11.953893,0.344954,-0.081716,0.935056,48.2478
811,16.8958,-4.338458,13.281073,-11.942201,0.340335,-0.080884,0.936819,48.2143
812,16.9167,-4.267169,13.267514,-11.930149,0.335704,-0.080049,0.93856,48.1809
813,16.9375,-4.196095,13.253997,-11.917743,0.331061,-0.079213,0.940279,48.1477
814,16.9583,-4.125245,13.240523,-11.904984,0.326407,-0.078375,0.941974,48.1145
815,16.9792,-4.054632,13.227094,-11.891875,0.321744,-0.077535,0.943647,48.0814
816,17.0,-3.984266,13.21371,-11.878421,0.317072,-0.076693,0.945296,48.0485
817,17.0208,-3.914159,13.200374,-11.864624,0.312391,-0.07585,0.946921,48.0156
818,17.0417,-3.844321,13.187086,-11.850487,0.307702,-0.075005,0.948522,47.9829
819,17.0625,-3.774765,13.173849,-11.836014,0.303007,-0.074159,0.950098,47.9503
820,17.0833,-3.7055,13.160662,-11.821208,0.298306,-0.073312,0.951651,47.9178
821,17.1042,-3.636537,13.147529,-11.806072,0.2936,-0.072463,0.953178,47.8855
822,17.125,-3.567886,13.134449,-11.790609,0.28889,-0.071613,0.95468,47.8532
823,17.1458,-3.49956,13.121425,-11.774823,0.284177,-0.070763,0.956157,47.8211
824,17.1667,-3.431566,13.108457,-11.758716,0.279461,-0.069911,0.957609,47.7892
825,17.1875,-3.363917,13.095546,-11.742292,0.274743,-0.069059,0.959034,47.7574
826,17.2083,-3.296623,13.082695,-11.725553,0.270025,-0.068206,0.960435,47.7257
827,17.2292,-3.229693,13.069904,-11.708504,0.265307,-0.067352,0.961809,47.6941
828,17.25,-3.163137,13.057174,-11.691147,0.26059,-0.066498,0.963157,47.6627
829,17.2708,-3.096966,13.044507,-11.673485,0.255875,-0.065643,0.964479,47.6314
830,17.2917,-3.031189,13.031904,-11.655522,0.251164,-0.064788,0.965774,47.6003
831,17.3125,-2.965816,13.019366,-11.63726,0.246456,-0.063933,0.967043,47.5694
832,17.3333,-2.900857,13.006894,-11.618703,0.241753,-0.063078,0.968285,47.5386
833,17.3542,-2.83632,12.994489,-11.599854,0.237056,-0.062223,0.969501,47.5079
834,17.375,-2.772216,12.982153,-11.580715,0.232366,-0.061369,0.97069,47.4774
835,17.3958,-2.708555,12.969887,-11.56129,0.227684,-0.060514,0.971853,47.4471
836,17.4167,-2.645344,12.957691,-11.541582,0.22301,-0.05966,0.972989,47.4169
837,17.4375,-2.582593,12.945567,-11.521594,0.218346,-0.058807,0.974098,47.3869
838,17.4583,-2.520312,12.933516,-11.50133,0.213693,-0.057954,0.97518,47.357
839,17.4792,-2.458508,12.92154,-11.480791,0.209052,-0.057102,0.976236,47.3273
840,17.5,-2.397192,12.909638,-11.459981,0.204424,-0.056252,0.977265,47.2978
841,17.5208,-2.336371,12.897813,-11.438904,0.199809,-0.055402,0.978267,47.2685
842,17.5417,-2.276054,12.886064,-11.417562,0.195209,-0.054553,0.979243,47.2393
843,17.5625,-2.21625,12.874395,-11.395958,0.190625,-0.053706,0.980193,47.2104
844,17.5833,-2.156967,12.862804,-11.374095,0.186057,-0.05286,0.981116,47.1816
845,17.6042,-2.098214,12.851294,-11.351976,0.181508,-0.052015,0.982013,47.1529
846,17.625,-2.039998,12.839865,-11.329605,0.176977,-0.051173,0.982884,47.1245
847,17.6458,-1.982327,12.828518,-11.306984,0.172466,-0.050332,0.983729,47.0963
848,17.6667,-1.92521,12.817254,-11.284115,0.167976,-0.049493,0.984548,47.0682
849,17.6875,-1.868655,12.806075,-11.261003,0.163508,-0.048657,0.985341,47.0403
850,17.7083,-1.812669,12.794981,-11.23765,0.159063,-0.047822,0.98611,47.0126
851,17.7292,-1.757259,12.783973,-11.214059,0.154641,-0.04699,0.986853,46.9851
852,17.75,-1.702434,12.773052,-11.190232,0.150245,-0.046161,0.987571,46.9578
853,17.7708,-1.648201,12.762218,-11.166174,0.145874,-0.045334,0.988264,46.9307
854,17.7917,-1.594567,12.751474,-11.141886,0.141531,-0.04451,0.988933,46.9038
855,17.8125,-1.541539,12.740819,-11.117372,0.137215,-0.043689,0.989577,46.8771
856,17.8333,-1.489125,12.730255,-11.092634,0.132929,-0.042871,0.990198,46.8507
857,17.8542,-1.437331,12.719782,-11.067676,0.128672,-0.042056,0.990795,46.8244
858,17.875,-1.386165,12.709401,-11.0425,0.124447,-0.041244,0.991369,46.7983
859,17.8958,-1.335633,12.699114,-11.017109,0.120253,-0.040436,0.991919,46.7724
860,17.9167,-1.285742,12.68892,-10.991506,0.116092,-0.039631,0.992447,46.7467
861,17.9375,-1.236498,12.678821,-10.965694,0.111966,-0.03883,0.992953,46.7213
862,17.9583,-1.187908,12.668817,-10.939675,0.107874,-0.038033,0.993437,46.696
863,17.9792,-1.139979,12.658909,-10.913453,0.103819,-0.03724,0.993899,46.671
864,18.0,-1.092716,12.649099,-10.887031,0.0998,-0.036451,0.99434,46.6462
865,18.0208,-1.046126,12.639386,-10.860411,0.09582,-0.035666,0.99476,46.6216
866,18.0417,-1.000215,12.629771,-10.833595,0.091878,-0.034885,0.995159,46.5972
867,18.0625,-0.954989,12.620256,-10.806588,0.087977,-0.034109,0.995538,46.573
868,18.0833,-0.910453,12.61084,-10.779391,0.084116,-0.033338,0.995898,46.5491
869,18.1042,-0.866613,12.601525,-10.752007,0.080297,-0.032571,0.996239,46.5254
870,18.125,-0.823476,12.592311,-10.724439,0.076521,-0.031809,0.99656,46.5019
871,18.1458,-0.781045,12.583199,-10.69669,0.072788,-0.031052,0.996864,46.4786
872,18.1667,-0.739328,12.57419,-10.668763,0.069101,-0.0303,0.997149,46.4555
873,18.1875,-0.698329,12.565284,-10.64066,0.065459,-0.029554,0.997418,46.4327
874,18.2083,-0.658053,12.556481,-10.612385,0.061863,-0.028812,0.997669,46.4101
875,18.2292,-0.618505,12.547783,-10.583939,0.058316,-0.028076,0.997903,46.3878
876,18.25,-0.57969,12.53919,-10.555325,0.054816,-0.027346,0.998122,46.3657
877,18.2708,-0.541614,12.530703,-10.526547,0.051366,-0.026622,0.998325,46.3438
878,18.2917,-0.504281,12.522322,-10.497607,0.047966,-0.025903,0.998513,46.3221
879,18.3125,-0.467695,12.514047,-10.468507,0.044618,-0.02519,0.998687,46.3007
880,18.3333,-0.431861,12.50588,-10.439251,0.041321,-0.024483,0.998846,46.2795
881,18.3542,-0.396783,12.49782,-10.40984,0.038078,-0.023782,0.998992,46.2586
882,18.375,-0.362466,12.489869,-10.380278,0.034888,-0.023088,0.999124,46.2378
883,18.3958,-0.328914,12.482026,-10.350568,0.031753,-0.0224,0.999245,46.2174
884,18.4167,-0.296131,12.474293,-10.320711,0.028674,-0.021718,0.999353,46.1971
885,18.4375,-0.264121,12.466669,-10.290711,0.025652,-0.021043,0.999449,46.1772
886,18.4583,-0.232888,12.459156,-10.26057,0.022687,-0.020375,0.999535,46.1574
887,18.4792,-0.202435,12.451753,-10.23029,0.01978,-0.019713,0.99961,46.1379
888,18.5,-0.172767,12.444462,-10.199875,0.016933,-0.019059,0.999675,46.1186
889,18.5208,-0.143886,12.437282,-10.169327,0.014145,-0.018411,0.99973,46.0996
890,18.5417,-0.115796,12.430214,-10.138649,0.011419,-0.017771,0.999777,46.0809
891,18.5625,-0.088501,12.423258,-10.107842,0.008754,-0.017138,0.999815,46.0623
892,18.5833,-0.062003,12.416415,-10.076911,0.006152,-0.016512,0.999845,46.0441
893,18.6042,-0.036306,12.409685,-10.045856,0.003614,-0.015893,0.999867,46.026
894,18.625,-0.011413,12.403068,-10.014681,0.001139,-0.015283,0.999883,46.0083
895,18.6458,0.010738,12.397093,-9.98592,-0.001075,-0.014728,0.999891,45.9954
896,18.6667,0.030545,12.391677,-9.959157,-0.003067,-0.014224,0.999894,45.9867
897,18.6875,0.049784,12.386348,-9.93212,-0.005012,-0.013726,0.999893,45.9781
898,18.7083,0.068463,12.381103,-9.904814,-0.006911,-0.013235,0.999889,45.9695
899,18.7292,0.086591,12.375941,-9.877245,-0.008766,-0.012749,0.99988,45.9611
900,18.75,0.104176,12.370862,-9.849418,-0.010575,-0.012269,0.999869,45.9527
901,18.7708,0.121227,12.365864,-9.821338,-0.012341,-0.011795,0.999854,45.9443
902,18.7917,0.137752,12.360946,-9.793013,-0.014064,-0.011327,0.999837,45.9361
903,18.8125,0.153759,12.356107,-9.764447,-0.015744,-0.010865,0.999817,45.9279
904,18.8333,0.169256,12.351346,-9.735645,-0.017382,-0.010408,0.999795,45.9198
905,18.8542,0.184252,12.346661,-9.706614,-0.018978,-0.009956,0.99977,45.9118
906,18.875,0.198754,12.342052,-9.677358,-0.020533,-0.00951,0.999744,45.9038
907,18.8958,0.212771,12.337518,-9.647883,-0.022047,-0.009069,0.999716,45.8959
908,18.9167,0.22631,12.333056,-9.618195,-0.023522,-0.008633,0.999686,45.888
909,18.9375,0.239379,12.328667,-9.588299,-0.024957,-0.008202,0.999655,45.8803
910,18.9583,0.251986,12.324349,-9.558199,-0.026353,-0.007776,0.999622,45.8726
911,18.9792,0.264139,12.320101,-9.527902,-0.027711,-0.007354,0.999589,45.8649
912,19.0,0.275845,12.315923,-9.497413,-0.029031,-0.006938,0.999554,45.8573
913,19.0208,0.287113,12.311812,-9.466736,-0.030314,-0.006526,0.999519,45.8498
914,19.0417,0.297949,12.307768,-9.435877,-0.03156,-0.006119,0.999483,45.8424
915,19.0625,0.308361,12.30379,-9.404842,-0.032769,-0.005716,0.999447,45.835
916,19.0833,0.318356,12.299877,-9.373634,-0.033943,-0.005318,0.99941,45.8276
917,19.1042,0.327943,12.296028,-9.34226,-0.035081,-0.004924,0.999372,45.8204
918,19.125,0.337127,12.292242,-9.310723,-0.036184,-0.004534,0.999335,45.8131
919,19.1458,0.345917,12.288517,-9.27903,-0.037253,-0.004148,0.999297,45.806
920,19.1667,0.35432,12.284854,-9.247185,-0.038288,-0.003766,0.99926,45.7989
921,19.1875,0.362342,12.28125,-9.215193,-0.039289,-0.003389,0.999222,45.7918
922,19.2083,0.369991,12.277706,-9.183059,-0.040258,-0.003015,0.999185,45.7848
923,19.2292,0.377274,12.274219,-9.150787,-0.041193,-0.002644,0.999148,45.7779
924,19.25,0.384198,12.270789,-9.118383,-0.042097,-0.002278,0.999111,45.771
925,19.2708,0.390769,12.267416,-9.08585,-0.042969,-0.001915,0.999075,45.7642
926,19.2917,0.396994,12.264097,-9.053195,-0.043809,-0.001556,0.999039,45.7574
927,19.3125,0.402881,12.260833,-9.020421,-0.044619,-0.0012,0.999003,45.7507
928,19.3333,0.408436,12.257622,-8.987534,-0.045398,-0.000847,0.998969,45.744
929,19.3542,0.413665,12.254464,-8.954537,-0.046147,-0.000498,0.998935,45.7374
930,19.375,0.418576,12.251357,-8.921435,-0.046866,-0.000152,0.998901,45.7309
931,19.3958,0.423173,12.2483,-8.888234,-0.047557,0.000191,0.998869,45.7243
932,19.4167,0.427465,12.245294,-8.854936,-0.048218,0.000531,0.998837,45.7179
933,19.4375,0.431458,12.242336,-8.821548,-0.048851,0.000868,0.998806,45.7115
934,19.4583,0.435157,12.239426,-8.788072,-0.049456,0.001202,0.998776,45.7051
935,19.4792,0.438569,12.236563,-8.754514,-0.050034,0.001533,0.998746,45.6988
936,19.5,0.4417,12.233747,-8.720878,-0.050584,0.001861,0.998718,45.6925
937,19.5208,0.444557,12.230976,-8.687168,-0.051107,0.002187,0.998691,45.6863
938,19.5417,0.447145,12.228249,-8.653388,-0.051604,0.00251,0.998664,45.6801
939,19.5625,0.449471,12.225567,-8.619544,-0.052075,0.002831,0.998639,45.674
940,19.5833,0.45154,12.222927,-8.585637,-0.05252,0.003149,0.998615,45.6679
941,19.6042,0.453358,12.220329,-8.551674,-0.052939,0.003465,0.998592,45.6618
942,19.625,0.454932,12.217773,-8.517658,-0.053334,0.003778,0.99857,45.6558
943,19.6458,0.456267,12.215257,-8.483593,-0.053704,0.004089,0.998549,45.6498
944,19.6667,0.457368,12.212781,-8.449484,-0.05405,0.004398,0.998529,45.6439
945,19.6875,0.458241,12.210345,-8.415333,-0.054372,0.004705,0.99851,45.638
946,19.7083,0.458893,12.207946,-8.381146,-0.05467,0.00501,0.998492,45.6322
947,19.7292,0.459328,12.205585,-8.346926,-0.054946,0.005313,0.998475,45.6264
948,19.75,0.459552,12.203261,-8.312676,-0.055198,0.005614,0.99846,45.6207
949,19.7708,0.45957,12.200972,-8.278402,-0.055428,0.005913,0.998445,45.6149
950,19.7917,0.459388,12.198719,-8.244106,-0.055636,0.006211,0.998432,45.6093
951,19.8125,0.459011,12.196501,-8.209793,-0.055822,0.006506,0.99842,45.6036
952,19.8333,0.458444,12.194316,-8.175465,-0.055986,0.0068,0.998408,45.598
953,19.8542,0.457693,12.192165,-8.141128,-0.05613,0.007093,0.998398,45.5925
954,19.875,0.456762,12.190046,-8.106784,-0.056252,0.007384,0.998389,45.5869
955,19.8958,0.455656,12.187959,-8.072438,-0.056355,0.007673,0.998381,45.5814
956,19.9167,0.454382,12.185903,-8.038092,-0.056437,0.007961,0.998374,45.576
957,19.9375,0.452942,12.183877,-8.00375,-0.056499,0.008248,0.998369,45.5706
958,19.9583,0.451343,12.181882,-7.969417,-0.056542,0.008534,0.998364,45.5652
959,19.9792,0.44959,12.179915,-7.935095,-0.056565,0.008818,0.99836,45.5599
960,20.0,0.447686,12.177977,-7.900787,-0.05657,0.009101,0.998357,45.5545
961,20.0208,0.445636,12.176067,-7.866498,-0.056557,0.009383,0.998355,45.5493
962,20.0417,0.443446,12.174184,-7.83223,-0.056525,0.009664,0.998354,45.544
963,20.0625,0.44112,12.172327,-7.797988,-0.056475,0.009944,0.998354,45.5388
964,20.0833,0.438662,12.170497,-7.763773,-0.056408,0.010223,0.998355,45.5336
965,20.1042,0.436077,12.168692,-7.729591,-0.056324,0.010502,0.998357,45.5285
966,20.125,0.43337,12.166912,-7.695443,-0.056223,0.010779,0.99836,45.5234
967,20.1458,0.430543,12.165156,-7.661333,-0.056105,0.011056,0.998364,45.5183
968,20.1667,0.427603,12.163424,-7.627264,-0.055971,0.011332,0.998368,45.5132
969,20.1875,0.424552,12.161715,-7.59324,-0.055821,0.011608,0.998373,45.5082
970,20.2083,0.421396,12.160028,-7.559263,-0.055655,0.011883,0.998379,45.5032
971,20.2292,0.418138,12.158364,-7.525336,-0.055474,0.012157,0.998386,45.4983
972,20.25,0.414782,12.156721,-7.491463,-0.055278,0.012431,0.998394,45.4933
973,20.2708,0.411333,12.155099,-7.457646,-0.055068,0.012705,0.998402,45.4884
974,20.2917,0.407794,12.153497,-7.423889,-0.054843,0.012978,0.998411,45.4836
975,20.3125,0.404169,12.151915,-7.390195,-0.054603,0.013251,0.99842,45.4787
976,20.3333,0.400462,12.150353,-7.356565,-0.05435,0.013524,0.99843,45.4739
977,20.3542,0.396676,12.14881,-7.323004,-0.054084,0.013797,0.998441,45.4691
978,20.375,0.392816,12.147285,-7.289514,-0.053804,0.014069,0.998452,45.4644
979,20.3958,0.388885,12.145778,-7.256097,-0.053512,0.014341,0.998464,45.4596
980,20.4167,0.384887,12.144288,-7.222757,-0.053207,0.014614,0.998477,45.4549
981,20.4375,0.380824,12.142815,-7.189496,-0.05289,0.014886,0.998489,45.4503
982,20.4583,0.376702,12.141359,-7.156317,-0.05256,0.015158,0.998503,45.4456
983,20.4792,0.372522,12.139919,-7.123223,-0.052219,0.015431,0.998516,45.441
984,20.5,0.368288,12.138495,-7.090216,-0.051867,0.015704,0.998531,45.4364
985,20.5208,0.364005,12.137086,-7.057299,-0.051503,0.015976,0.998545,45.4318
986,20.5417,0.359674,12.135691,-7.024474,-0.051129,0.016249,0.99856,45.4273
987,20.5625,0.355299,12.134311,-6.991744,-0.050745,0.016523,0.998575,45.4228
988,20.5833,0.350884,12.132945,-6.959111,-0.05035,0.016797,0.99859,45.4183
989,20.6042,0.34643,12.131593,-6.926578,-0.049945,0.017071,0.998606,45.4138
990,20.625,0.341942,12.130254,-6.894147,-0.049531,0.017345,0.998622,45.4093
991,20.6458,0.337423,12.128927,-6.861821,-0.049107,0.01762,0.998638,45.4049
992,20.6667,0.332874,12.127613,-6.829602,-0.048674,0.017896,0.998654,45.4005
993,20.6875,0.3283,12.126311,-6.797493,-0.048233,0.018172,0.998671,45.3961
994,20.7083,0.323702,12.125021,-6.765494,-0.047783,0.018449,0.998687,45.3918
995,20.7292,0.319084,12.123742,-6.73361,-0.047325,0.018726,0.998704,45.3875
996,20.75,0.314448,12.122474,-6.701842,-0.04686,0.019004,0.998721,45.3832
997,20.7708,0.309798,12.121217,-6.670192,-0.046386,0.019283,0.998737,45.3789
998,20.7917,0.305134,12.11997,-6.638663,-0.045906,0.019562,0.998754,45.3746
999,20.8125,0.300461,12.118733,-6.607256,-0.045418,0.019843,0.998771,45.3704
1000,20.8333,0.29578,12.117505,-6.575974,-0.044924,0.020124,0.998788,45.3662
1001,20.8542,0.291094,12.116287,-6.544819,-0.044424,0.020406,0.998804,45.362
1002,20.875,0.286405,12.115079,-6.513793,-0.043917,0.020689,0.998821,45.3578
1003,20.8958,0.281716,12.113878,-6.482897,-0.043405,0.020973,0.998837,45.3537
1004,20.9167,0.277029,12.112687,-6.452134,-0.042887,0.021257,0.998854,45.3495
1005,20.9375,0.272346,12.111504,-6.421507,-0.042364,0.021543,0.99887,45.3454
1006,20.9583,0.267669,12.110328,-6.391015,-0.041835,0.02183,0.998886,45.3413
1007,20.9792,0.263001,12.109161,-6.360663,-0.041303,0.022118,0.998902,45.3373
1008,21.0,0.258343,12.108001,-6.330451,-0.040765,0.022407,0.998917,45.3332
1009,21.0208,0.253697,12.106848,-6.300381,-0.040224,0.022697,0.998933,45.3292
1010,21.0417,0.249066,12.105702,-6.270455,-0.039679,0.022988,0.998948,45.3252
1011,21.0625,0.244451,12.104562,-6.240676,-0.03913,0.023281,0.998963,45.3213
1012,21.0833,0.239855,12.10343,-6.211044,-0.038578,0.023574,0.998977,45.3173
1013,21.1042,0.235278,12.102303,-6.181561,-0.038023,0.023869,0.998992,45.3134
1014,21.125,0.230723,12.101183,-6.152229,-0.037465,0.024165,0.999006,45.3094
1015,21.1458,0.226191,12.100068,-6.12305,-0.036905,0.024462,0.999019,45.3055
1016,21.1667,0.221684,12.09896,-6.094026,-0.036342,0.024761,0.999033,45.3017
1017,21.1875,0.217205,12.097856,-6.065157,-0.035778,0.025061,0.999045,45.2978
1018,21.2083,0.212753,12.096758,-6.036446,-0.035212,0.025362,0.999058,45.294
1019,21.2292,0.208331,12.095666,-6.007895,-0.034644,0.025665,0.99907,45.2902
1020,21.25,0.203941,12.094578,-5.979503,-0.034075,0.025969,0.999082,45.2864
1021,21.2708,0.199583,12.093495,-5.951274,-0.033506,0.026274,0.999093,45.2826
1022,21.2917,0.195259,12.092416,-5.923209,-0.032935,0.026581,0.999104,45.2788
1023,21.3125,0.19097,12.091343,-5.895308,-0.032365,0.026889,0.999114,45.2751
1024,21.3333,0.186718,12.090273,-5.867575,-0.031794,0.027198,0.999124,45.2714
1025,21.3542,0.182504,12.089208,-5.840009,-0.031224,0.027509,0.999134,45.2677
1026,21.375,0.178329,12.088147,-5.812612,-0.030653,0.027821,0.999143,45.264
1027,21.3958,0.174194,12.08709,-5.785386,-0.030084,0.028135,0.999151,45.2604
1028,21.4167,0.170101,12.086037,-5.758331,-0.029515,0.02845,0.999159,45.2567
1029,21.4375,0.16605,12.084988,-5.73145,-0.028948,0.028767,0.999167,45.2531
1030,21.4583,0.162042,12.083942,-5.704744,-0.028381,0.029085,0.999174,45.2495
1031,21.4792,0.158079,12.0829,-5.678213,-0.027817,0.029404,0.99918,45.2459
1032,21.5,0.15416,12.081861,-5.65186,-0.027254,0.029725,0.999186,45.2424
1033,21.5208,0.150288,12.080826,-5.625684,-0.026693,0.030047,0.999192,45.2389
1034,21.5417,0.146463,12.079794,-5.599688,-0.026135,0.030371,0.999197,45.2353
1035,21.5625,0.142686,12.078766,-5.573872,-0.025579,0.030696,0.999201,45.2318
1036,21.5833,0.138957,12.07774,-5.548238,-0.025025,0.031023,0.999205,45.2284
1037,21.6042,0.135277,12.076718,-5.522787,-0.024475,0.031351,0.999209,45.2249
1038,21.625,0.131648,12.075699,-5.497519,-0.023928,0.03168,0.999212,45.2215
1039,21.6458,0.128068,12.074683,-5.472437,-0.023384,0.032011,0.999214,45.2181
1040,21.6667,0.12454,12.07367,-5.44754,-0.022844,0.032343,0.999216,45.2147
1041,21.6875,0.121064,12.07266,-5.42283,-0.022307,0.032677,0.999217,45.2113
1042,21.7083,0.117639,12.071653,-5.398309,-0.021775,0.033012,0.999218,45.2079
1043,21.7292,0.114268,12.070649,-5.373976,-0.021247,0.033348,0.999218,45.2046
1044,21.75,0.110949,12.069648,-5.349833,-0.020723,0.033685,0.999218,45.2013
1045,21.7708,0.107684,12.06865,-5.325881,-0.020203,0.034024,0.999217,45.198
1046,21.7917,0.104472,12.067655,-5.302121,-0.019688,0.034364,0.999215,45.1947
1047,21.8125,0.101315,12.066662,-5.278554,-0.019179,0.034705,0.999214,45.1915
1048,21.8333,0.098212,12.065673,-5.25518,-0.018674,0.035048,0.999211,45.1882
1049,21.8542,0.095164,12.064687,-5.232,-0.018174,0.035391,0.999208,45.185
1050,21.875,0.092171,12.063703,-5.209016,-0.01768,0.035736,0.999205,45.1818
1051,21.8958,0.089232,12.062723,-5.186228,-0.017192,0.036082,0.999201,45.1787
1052,21.9167,0.086349,12.061745,-5.163637,-0.016709,0.036429,0.999197,45.1755
1053,21.9375,0.083521,12.060771,-5.141244,-0.016232,0.036776,0.999192,45.1724
1054,21.9583,0.080749,12.059799,-5.119049,-0.015761,0.037125,0.999186,45.1693
1055,21.9792,0.078032,12.058831,-5.097054,-0.015297,0.037475,0.99918,45.1662
1056,22.0,0.07537,12.057866,-5.075258,-0.014838,0.037826,0.999174,45.1631
1057,22.0208,0.072763,12.056904,-5.053663,-0.014386,0.038177,0.999167,45.1601
1058,22.0417,0.070212,12.055946,-5.03227,-0.013941,0.03853,0.99916,45.1571
1059,22.0625,0.067717,12.054991,-5.011079,-0.013502,0.038883,0.999153,45.1541
1060,22.0833,0.065276,12.054039,-4.99009,-0.01307,0.039236,0.999144,45.1511
1061,22.1042,0.06289,12.053091,-4.969306,-0.012645,0.039591,0.999136,45.1481
1062,22.125,0.060559,12.052146,-4.948725,-0.012227,0.039946,0.999127,45.1452
1063,22.1458,0.058282,12.051205,-4.928349,-0.011816,0.040301,0.999118,45.1423
1064,22.1667,0.05606,12.050268,-4.908179,-0.011412,0.040657,0.999108,45.1394
1065,22.1875,0.053892,12.049334,-4.888215,-0.011015,0.041014,0.999098,45.1365
1066,22.2083,0.051778,12.048405,-4.868457,-0.010626,0.041371,0.999087,45.1337
1067,22.2292,0.049717,12.047479,-4.848907,-0.010244,0.041728,0.999077,45.1309
1068,22.25,0.047709,12.046558,-4.829564,-0.009869,0.042085,0.999065,45.1281
1069,22.2708,0.045754,12.04564,-4.81043,-0.009502,0.042442,0.999054,45.1253
1070,22.2917,0.043851,12.044728,-4.791505,-0.009143,0.0428,0.999042,45.1226
1071,22.3125,0.042,12.043819,-4.77279,-0.008791,0.043157,0.99903,45.1198
1072,22.3333,0.040201,12.042916,-4.754284,-0.008447,0.043515,0.999017,45.1171
1073,22.3542,0.038452,12.042016,-4.735989,-0.008111,0.043872,0.999004,45.1145
1074,22.375,0.036754,12.041122,-4.717906,-0.007782,0.044229,0.998991,45.1118
1075,22.3958,0.035106,12.040233,-4.700034,-0.007462,0.044585,0.998978,45.1092
1076,22.4167,0.033507,12.039349,-4.682374,-0.007149,0.044942,0.998964,45.1066
1077,22.4375,0.031958,12.03847,-4.664927,-0.006843,0.045297,0.99895,45.104
1078,22.4583,0.030456,12.037596,-4.647693,-0.006546,0.045652,0.998936,45.1014
1079,22.4792,0.029002,12.036728,-4.630673,-0.006256,0.046007,0.998922,45.0989
1080,22.5,0.027596,12.035865,-4.613866,-0.005975,0.04636,0.998907,45.0964
1081,22.5208,0.026236,12.035008,-4.597275,-0.0057,0.046713,0.998892,45.0939
1082,22.5417,0.024921,12.034158,-4.580898,-0.005434,0.047065,0.998877,45.0915
1083,22.5625,0.023652,12.033313,-4.564737,-0.005176,0.047416,0.998862,45.0891
1084,22.5833,0.022427,12.032475,-4.548792,-0.004925,0.047765,0.998846,45.0867
1085,22.6042,0.021246,12.031642,-4.533064,-0.004681,0.048114,0.998831,45.0843
1086,22.625,0.020108,12.030817,-4.517552,-0.004446,0.048461,0.998815,45.082
1087,22.6458,0.019012,12.029998,-4.502258,-0.004218,0.048806,0.998799,45.0797
1088,22.6667,0.017958,12.029186,-4.487181,-0.003997,0.04915,0.998783,45.0774
1089,22.6875,0.016944,12.028382,-4.472323,-0.003784,0.049492,0.998767,45.0751
1090,22.7083,0.015971,12.027584,-4.457684,-0.003578,0.049833,0.998751,45.0729
1091,22.7292,0.015037,12.026794,-4.443264,-0.00338,0.050171,0.998735,45.0707
1092,22.75,0.014141,12.026012,-4.429063,-0.003189,0.050508,0.998719,45.0685
1093,22.7708,0.013283,12.025237,-4.415083,-0.003005,0.050842,0.998702,45.0663
1094,22.7917,0.012461,12.02447,-4.401323,-0.002828,0.051174,0.998686,45.0642
1095,22.8125,0.011676,12.023712,-4.387783,-0.002658,0.051504,0.998669,45.0621
1096,22.8333,0.010926,12.022961,-4.374466,-0.002494,0.051831,0.998653,45.0601
1097,22.8542,0.01021,12.022219,-4.36137,-0.002338,0.052156,0.998636,45.058
1098,22.875,0.009528,12.021486,-4.348497,-0.002188,0.052478,0.99862,45.056
1099,22.8958,0.008878,12.020762,-4.335846,-0.002045,0.052797,0.998603,45.0541
1100,22.9167,0.00826,12.020047,-4.323419,-0.001908,0.053113,0.998587,45.0521
1101,22.9375,0.007673,12.019341,-4.311215,-0.001777,0.053426,0.99857,45.0502
1102,22.9583,0.007117,12.018644,-4.299235,-0.001653,0.053735,0.998554,45.0484
1103,22.9792,0.006589,12.017957,-4.287481,-0.001535,0.054042,0.998537,45.0465
1104,23.0,0.00609,12.01728,-4.275951,-0.001422,0.054345,0.998521,45.0447
1105,23.0208,0.005618,12.016613,-4.264647,-0.001315,0.054644,0.998505,45.0429
1106,23.0417,0.005173,12.015956,-4.253569,-0.001214,0.05494,0.998489,45.0412
1107,23.0625,0.004753,12.01531,-4.242718,-0.001119,0.055232,0.998473,45.0394
1108,23.0833,0.004358,12.014674,-4.232095,-0.001028,0.055519,0.998457,45.0378
1109,23.1042,0.003988,12.014049,-4.221699,-0.000943,0.055803,0.998441,45.0361
1110,23.125,0.00364,12.013435,-4.211531,-0.000863,0.056082,0.998426,45.0345
1111,23.1458,0.003315,12.012832,-4.201592,-0.000788,0.056358,0.99841,45.0329
1112,23.1667,0.003011,12.01224,-4.191882,-0.000717,0.056628,0.998395,45.0313
1113,23.1875,0.002728,12.01166,-4.182403,-0.000651,0.056894,0.99838,45.0298
1114,23.2083,0.002464,12.011092,-4.173154,-0.00059,0.057155,0.998365,45.0283
1115,23.2292,0.00222,12.010535,-4.164136,-0.000532,0.057412,0.99835,45.0269
1116,23.25,0.001993,12.009991,-4.15535,-0.000479,0.057663,0.998336,45.0255
1117,23.2708,0.001784,12.009459,-4.146796,-0.000429,0.057909,0.998322,45.0241
1118,23.2917,0.001591,12.00894,-4.138476,-0.000384,0.05815,0.998308,45.0227
1119,23.3125,0.001414,12.008433,-4.130389,-0.000342,0.058385,0.998294,45.0214
1120,23.3333,0.001251,12.00794,-4.122536,-0.000303,0.058615,0.998281,45.0202
1121,23.3542,0.001103,12.007459,-4.114919,-0.000268,0.05884,0.998267,45.0189
1122,23.375,0.000968,12.006992,-4.107537,-0.000235,0.059058,0.998255,45.0177
1123,23.3958,0.000845,12.006538,-4.100392,-0.000206,0.059271,0.998242,45.0166
1124,23.4167,0.000734,12.006098,-4.093484,-0.000179,0.059478,0.99823,45.0154
1125,23.4375,0.000634,12.005671,-4.086814,-0.000155,0.059678,0.998218,45.0143
1126,23.4583,0.000545,12.005259,-4.080383,-0.000133,0.059872,0.998206,45.0133
1127,23.4792,0.000465,12.004861,-4.074191,-0.000114,0.06006,0.998195,45.0123
1128,23.5,0.000394,12.004477,-4.06824,-9.7e-05,0.060242,0.998184,45.0113
1129,23.5208,0.000331,12.004108,-4.06253,-8.1e-05,0.060416,0.998173,45.0104
1130,23.5417,0.000276,12.003754,-4.057063,-6.8e-05,0.060584,0.998163,45.0095
1131,23.5625,0.000228,12.003414,-4.051838,-5.6e-05,0.060745,0.998153,45.0086
1132,23.5833,0.000187,12.00309,-4.046858,-4.6e-05,0.0609,0.998144,45.0078
1133,23.6042,0.000151,12.00278,-4.042122,-3.7e-05,0.061047,0.998135,45.007
1134,23.625,0.000121,12.002487,-4.037632,-3e-05,0.061187,0.998126,45.0062
1135,23.6458,9.5e-05,12.002209,-4.033389,-2.4e-05,0.061319,0.998118,45.0055
1136,23.6667,7.4e-05,12.001946,-4.029394,-1.8e-05,0.061445,0.99811,45.0049
1137,23.6875,5.6e-05,12.0017,-4.025648,-1.4e-05,0.061563,0.998103,45.0043
1138,23.7083,4.2e-05,12.001469,-4.022152,-1e-05,0.061673,0.998096,45.0037
1139,23.7292,3.1e-05,12.001255,-4.018907,-8e-06,0.061776,0.99809,45.0031
1140,23.75,2.2e-05,12.001057,-4.015915,-5e-06,0.06187,0.998084,45.0026
1141,23.7708,1.5e-05,12.000876,-4.013175,-4e-06,0.061957,0.998079,45.0022
1142,23.7917,1e-05,12.000711,-4.010691,-2e-06,0.062036,0.998074,45.0018
1143,23.8125,6e-06,12.000563,-4.008462,-2e-06,0.062107,0.998069,45.0014
1144,23.8333,4e-06,12.000432,-4.00649,-1e-06,0.06217,0.998066,45.0011
1145,23.8542,2e-06,12.000318,-4.004777,-0.0,0.062225,0.998062,45.0008
1146,23.875,1e-06,12.000221,-4.003323,-0.0,0.062272,0.998059,45.0006
1147,23.8958,0.0,12.000142,-4.002131,-0.0,0.06231,0.998057,45.0004
1148,23.9167,0.0,12.00008,-4.001201,-0.0,0.06234,0.998055,45.0002
1149,23.9375,0.0,12.000036,-4.000535,-0.0,0.062361,0.998054,45.0001
1150,23.9583,0.0,12.000009,-4.000134,-0.0,0.062374,0.998053,45.0
1151,23.9792,0.0,12.0,-4.0,0.0,0.062378,0.998053,45.0
